archetype	level	variant	stimulus	question	options	answer	meaning_check
lat.triangle_angle_sum.inverse	hard	relation_inverse	A surveyor records that angle S of triangle STU measures 87 degrees. The measure of angle T is 24 degrees less than twice the measure of angle U.	How many degrees are in angle T?	A) 22 | B) 54 | C) 38 | D) 93	2	angle S=87; angle T=24. 점검: 지문의 명사와 수식·값이 짝이 맞는지, 질문이 묻는 대상이 정답 선지와 일치하는지
lat.triangle_angle_sum.inverse	hard	relation_inverse	In triangle KLM, angle K measures 90 degrees. The measure of angle L is 21 degrees less than twice the measure of angle M.	What is the measure of angle L, in degrees?	A) 39 | B) 90 | C) 25 | D) 53	4	angle K=90; angle L=21. 점검: 지문의 명사와 수식·값이 짝이 맞는지, 질문이 묻는 대상이 정답 선지와 일치하는지
lat.triangle_angle_sum.chain2	hard	bisector_chain	Triangle KLM has angle K = 84 degrees and angle L = 40 degrees. Point F lies on side KL, and MF bisects angle M.	What is the measure of angle MFL, in degrees?	A) 112 | B) 28 | C) 84 | D) 68	1	angle K=84; angle L=40. 점검: 지문의 명사와 수식·값이 짝이 맞는지, 질문이 묻는 대상이 정답 선지와 일치하는지
lat.triangle_angle_sum.chain2	hard	bisector_chain	Two angles of triangle GHJ are known: angle G is 59 degrees and angle H is 53 degrees. A ray that splits angle J into two equal parts crosses side GH at F.	How many degrees is angle JFH?	A) 87 | B) 34 | C) 59 | D) 93	4	angle G=59; angle H=53. 점검: 지문의 명사와 수식·값이 짝이 맞는지, 질문이 묻는 대상이 정답 선지와 일치하는지
lat.triangle_angle_sum.repr_shift	hard	multiples_statement	In triangle KLM, the second angle is twice the first angle. The third angle is 25 degrees less than the second angle.	Find the largest angle of the triangle, in degrees.	A) 82 | B) 16 | C) 57 | D) 41	1	second angle=twice; third angle=25. 점검: 지문의 명사와 수식·값이 짝이 맞는지, 질문이 묻는 대상이 정답 선지와 일치하는지
lat.triangle_angle_sum.repr_shift	hard	multiples_statement	In triangle DEF, the second angle is twice the first angle. The third angle measures 5 degrees less than the second angle.	What is the measure of the largest angle, in degrees?	A) 69 | B) 37 | C) 32 | D) 74	4	second angle=twice; third angle=5. 점검: 지문의 명사와 수식·값이 짝이 맞는지, 질문이 묻는 대상이 정답 선지와 일치하는지
lat.triangle_angle_sum.constraint_select	hard	acute_window	A student is working on a triangle problem from a practice set. Triangle ABC has exactly two equal angles, each measuring x degrees; x is a multiple of 3 degrees. The triangle is acute (all three of its angles are less than 90 degrees), and its third angle is at least 51 degrees.	Which count of allowed values of x is correct? Give the number of possibilities.	A) 7 | B) 5 | C) 19 | D) 6	4	third angle=51. 점검: 지문의 명사와 수식·값이 짝이 맞는지, 질문이 묻는 대상이 정답 선지와 일치하는지
lat.triangle_angle_sum.constraint_select	hard	obtuse_window	A geometry teacher describes a triangle to the class. Triangle ABC has exactly two equal angles, each measuring x degrees; x is a multiple of 2 degrees. The triangle is obtuse, and each of the two equal angles is at least 11 degrees.	How many values of x make this description possible?	A) 34 | B) 16 | C) 17 | D) 18	3	equal angles=11. 점검: 지문의 명사와 수식·값이 짝이 맞는지, 질문이 묻는 대상이 정답 선지와 일치하는지
lat.exterior_angle.inverse	hard	ratio_remote	The exterior angle at M of triangle NLM is 140 degrees. Angle N and angle L have measures in the ratio 3 to 2.	What is the measure of the smaller of the two remote interior angles, in degrees?	A) 40 | B) 140 | C) 84 | D) 56	4	exterior angle=140. 점검: 지문의 명사와 수식·값이 짝이 맞는지, 질문이 묻는 대상이 정답 선지와 일치하는지
lat.exterior_angle.inverse	hard	difference_remote	An exterior angle at vertex F of triangle DEF measures 138 degrees. Angle D measures 22 degrees more than angle E.	What is the measure of the smaller of the two remote interior angles, in degrees?	A) 58 | B) 80 | C) 42 | D) 138	1	exterior angle=138. 점검: 지문의 명사와 수식·값이 짝이 맞는지, 질문이 묻는 대상이 정답 선지와 일치하는지
lat.exterior_angle.chain2	hard	two_exterior_chain	One exterior angle at X is 107 degrees, and one exterior angle at Y is 101 degrees, in triangle XYZ. Each exterior angle is formed by extending one side of the triangle.	Find the measure of an exterior angle at vertex Z, in degrees.	A) 152 | B) 28 | C) 208 | D) 48	1	exterior angle at X=107; exterior angle at Y=101. 점검: 지문의 명사와 수식·값이 짝이 맞는지, 질문이 묻는 대상이 정답 선지와 일치하는지
lat.exterior_angle.chain2	hard	two_exterior_chain	One exterior angle at D is 131 degrees, and one exterior angle at E is 130 degrees, in triangle DEF. The exterior angles are formed by extending the sides.	What is the measure of the interior angle at F, in degrees?	A) 81 | B) 99 | C) 261 | D) 101	1	exterior angle at D=131; exterior angle at E=130. 점검: 지문의 명사와 수식·값이 짝이 맞는지, 질문이 묻는 대상이 정답 선지와 일치하는지
lat.exterior_angle.constraint_select	hard	acute_window	Triangle ABC has an exterior angle of 112 degrees at vertex C. Angle A and angle B have whole-number measures, and every angle of the triangle is less than 90 degrees. The measure of angle A is a multiple of 2 degrees and is greater than the measure of angle B.	For how many different measures of angle A can such a triangle exist?	A) 27 | B) 16 | C) 15 | D) 17	2	exterior angle=112. 점검: 지문의 명사와 수식·값이 짝이 맞는지, 질문이 묻는 대상이 정답 선지와 일치하는지
lat.exterior_angle.constraint_select	hard	acute_window	The exterior angle at vertex M of triangle KLM measures 113 degrees. Angle K and angle L have whole-number measures, and every angle of the triangle is less than 90 degrees. The measure of angle K is a multiple of 2 degrees and is greater than the measure of angle L.	For how many different measures of angle K can such a triangle exist?	A) 28 | B) 17 | C) 15 | D) 16	4	exterior angle=113. 점검: 지문의 명사와 수식·값이 짝이 맞는지, 질문이 묻는 대상이 정답 선지와 일치하는지
lat.exterior_angle.compose_kind	hard	algebra_exterior	In triangle GHJ, angle G measures $(x - 3)$ degrees and angle H measures $(3x + 9)$ degrees. The exterior angle at J measures $(x + 75)$ degrees.	Find the measure of angle J, in degrees.	A) 82 | B) 98 | C) 23 | D) 78	1	angle G=x - 3; angle H=3x + 9. 점검: 지문의 명사와 수식·값이 짝이 맞는지, 질문이 묻는 대상이 정답 선지와 일치하는지
lat.exterior_angle.compose_kind	hard	algebra_exterior	Triangle PQR has angle P = $(3x - 8)$ degrees and angle Q = $(2x + 13)$ degrees. The measure of the exterior angle at R is $(x + 97)$ degrees.	Find the value of angle Q, in degrees.	A) 61 | B) 23 | C) 59 | D) 60	3	angle P=3x - 8; angle Q=2x + 13. 점검: 지문의 명사와 수식·값이 짝이 맞는지, 질문이 묻는 대상이 정답 선지와 일치하는지
lat.isosceles_base_angle.inverse	hard	vertex_offset_base	In isosceles triangle XYZ, the two base angles are equal. Each base angle is 24 degrees smaller than the vertex angle.	What is the measure of each base angle, in degrees?	A) 52 | B) 76 | C) 78 | D) 68	1	base angle=24. 점검: 지문의 명사와 수식·값이 짝이 맞는지, 질문이 묻는 대상이 정답 선지와 일치하는지
lat.isosceles_base_angle.inverse	hard	vertex_times_base	Triangle XYZ has two equal base angles and a vertex angle. Each base angle is $\frac{1}{4}$ as large as the vertex angle.	What is the measure of each base angle, in degrees?	A) 88 | B) 120 | C) 60 | D) 30	4	base angle=4. 점검: 지문의 명사와 수식·값이 짝이 맞는지, 질문이 묻는 대상이 정답 선지와 일치하는지
lat.isosceles_base_angle.chain2	hard	nested_isosceles	Triangle GHJ is isosceles with GH = GJ, and its vertex angle HGJ is 32 degrees. A point F is chosen on side GJ with HF equal in length to HJ.	What is the measure of angle GHF, in degrees?	A) 42 | B) 74 | C) 32 | D) 106	1	angle HGJ=32. 점검: 지문의 명사와 수식·값이 짝이 맞는지, 질문이 묻는 대상이 정답 선지와 일치하는지
lat.isosceles_base_angle.chain2	hard	nested_isosceles	In triangle XYZ, XY = XZ and angle YXZ measures 20 degrees. Point D is on XZ (between X and Z), and the segments YD and YZ have the same length.	Find the measure of angle XDY, in degrees.	A) 80 | B) 100 | C) 60 | D) 20	2	angle YXZ=20. 점검: 지문의 명사와 수식·값이 짝이 맞는지, 질문이 묻는 대상이 정답 선지와 일치하는지
lat.isosceles_base_angle.repr_shift	hard	fraction_relation	A designer is planning a triangular logo. Triangle DEF is isosceles, so its two base angles have the same measure. The measure of the vertex angle equals $\frac{5}{2}$ of the measure of one base angle.	Find the vertex angle, in degrees.	A) 110 | B) 100 | C) 40 | D) 140	2	vertex angle=\frac{5}{2}. 점검: 지문의 명사와 수식·값이 짝이 맞는지, 질문이 묻는 대상이 정답 선지와 일치하는지
lat.isosceles_base_angle.repr_shift	hard	fraction_relation	A map maker marks out a triangular region. In isosceles triangle DEF, the two base angles are equal. The measure of the vertex angle equals $\frac{5}{2}$ of the measure of one base angle.	Find the vertex angle, in degrees.	A) 100 | B) 140 | C) 40 | D) 110	1	vertex angle=\frac{5}{2}. 점검: 지문의 명사와 수식·값이 짝이 맞는지, 질문이 묻는 대상이 정답 선지와 일치하는지
lat.isosceles_base_angle.compose_kind	hard	parallel_segment	Triangle XYZ has XY = XZ, and its vertex angle YXZ is 96 degrees. Segment DE connects a point D on XY to a point E on XZ, and DE is parallel to YZ.	Find the measure of angle XDE, in degrees.	A) 84 | B) 138 | C) 96 | D) 42	4	angle YXZ=96. 점검: 지문의 명사와 수식·값이 짝이 맞는지, 질문이 묻는 대상이 정답 선지와 일치하는지
lat.isosceles_base_angle.compose_kind	hard	parallel_segment	In triangle PQR, PQ = PR and angle QPR measures 94 degrees. Point S lies on PQ and point T lies on PR such that ST is parallel to QR.	Find the measure of angle PST, in degrees.	A) 137 | B) 86 | C) 43 | D) 94	3	angle QPR=94. 점검: 지문의 명사와 수식·값이 짝이 맞는지, 질문이 묻는 대상이 정답 선지와 일치하는지
lat.similar_triangles.unit_ratio	hard	area_to_length	Triangle UVW is similar to triangle DEF (in that vertex order), so side VW matches side EF. Triangle DEF has area 5 square centimeters, while triangle UVW has area 45 square centimeters. Side EF is 1 centimeters long.	What is the length of side VW, in centimeters?	A) 3 | B) 9 | C) 40 | D) 41	1	side EF=1; triangle DEF=5. 점검: 지문의 명사와 수식·값이 짝이 맞는지, 질문이 묻는 대상이 정답 선지와 일치하는지
lat.similar_triangles.unit_ratio	hard	area_to_length	Triangle XYZ is similar to triangle DEF, with side XY corresponding to side DE and side YZ corresponding to side EF. Triangle XYZ has area 4 square centimeters, while triangle DEF has area 9 square centimeters. The length of side YZ is 8 centimeters.	How long is side EF, in centimeters?	A) 12 | B) 18 | C) 40 | D) 13	1	side YZ=8; triangle XYZ=4. 점검: 지문의 명사와 수식·값이 짝이 맞는지, 질문이 묻는 대상이 정답 선지와 일치하는지
lat.similar_triangles.compose_kind	hard	perimeter_scale	Triangle XYZ has side lengths 6, 12, and 14. A similar triangle DEF has a shortest side of length 3.	What is the sum of the three side lengths of triangle DEF?	A) 64 | B) 29 | C) 16 | D) 32	3	triangle XYZ=6; shortest side=3. 점검: 지문의 명사와 수식·값이 짝이 맞는지, 질문이 묻는 대상이 정답 선지와 일치하는지
lat.similar_triangles.compose_kind	hard	perimeter_scale	A geometry teacher describes a triangle to the class. The side lengths of triangle NLM are 12, 20, and 28. Triangle DEF is similar to triangle NLM, and its shortest side has length 36.	Find the perimeter of triangle DEF.	A) 20 | B) 180 | C) 60 | D) 84	2	triangle NLM=12; shortest side=36. 점검: 지문의 명사와 수식·값이 짝이 맞는지, 질문이 묻는 대상이 정답 선지와 일치하는지
lat.similar_triangles.inverse	hard	cross_multiply_expr	Triangles GHJ and DEF are similar, where side GH matches side DE and side HJ matches side EF. GH = 4 and DE = 10. HJ = $(x + 4)$ and EF = $(4x + 1)$.	What is the value of $x$?	A) 6 | B) 10 | C) 7 | D) 25	1	GH=4; DE=10. 점검: 지문의 명사와 수식·값이 짝이 맞는지, 질문이 묻는 대상이 정답 선지와 일치하는지
lat.similar_triangles.inverse	hard	cross_multiply_expr	Triangle ABC is similar to triangle DEF, with AB corresponding to DE and BC corresponding to EF. Side AB has length 4 and side DE has length 20. BC = $(x + 6)$ and EF = $(2x + 48)$.	What is the value of $x$?	A) 7 | B) 12 | C) 60 | D) 6	4	AB=4; DE=20. 점검: 지문의 명사와 수식·값이 짝이 맞는지, 질문이 묻는 대상이 정답 선지와 일치하는지
lat.similar_triangles.constraint_select	hard	larger_than_given	The three sides of triangle DEF measure 10, 14, and 16. A triangle similar to DEF has three positive integer side lengths and a perimeter greater than that of triangle DEF (which is 40) and at most 91. Triangles with the same three side lengths count once.	Find the number of triangles that satisfy all of the conditions.	A) 4 | B) 2 | C) 1 | D) 3	2	triangle DEF=10. 점검: 지문의 명사와 수식·값이 짝이 맞는지, 질문이 묻는 대상이 정답 선지와 일치하는지
lat.similar_triangles.constraint_select	hard	larger_than_given	A map maker marks out a triangular region. The three sides of triangle ABC measure 16, 20, and 24. A triangle similar to ABC has three positive integer side lengths and a perimeter greater than that of triangle ABC (which is 60) and at most 106. Two such triangles are considered different only if their side lengths differ.	Find the number of triangles that satisfy all of the conditions.	A) 3 | B) 2 | C) 4 | D) 1	1	triangle ABC=16. 점검: 지문의 명사와 수식·값이 짝이 맞는지, 질문이 묻는 대상이 정답 선지와 일치하는지
lat.triangle_angle_sum.easy_third_angle	easy	third_angle	Two angles of a triangular pennant measure 31 degrees and 58 degrees.	What is the measure of the angle that is not given, in degrees?	A) 122 | B) 149 | C) 89 | D) 91	4	angle=31; angle=58. 점검: 지문의 명사와 수식·값이 짝이 맞는지, 질문이 묻는 대상이 정답 선지와 일치하는지
lat.triangle_angle_sum.easy_third_angle	easy	third_angle	A triangular window pane has angles of 49 degrees and 83 degrees at two of its corners.	What is the measure of the third angle, in degrees?	A) 48 | B) 97 | C) 132 | D) 131	1	angle=49; angle=83. 점검: 지문의 명사와 수식·값이 짝이 맞는지, 질문이 묻는 대상이 정답 선지와 일치하는지
lat.exterior_angle.easy_remote_sum	easy	ext_from_remote	Side BC of triangle ABC is extended past C to form an exterior angle. The interior angles at A and B are 72 degrees and 23 degrees.	Find the exterior angle at vertex C, in degrees.	A) 108 | B) 72 | C) 95 | D) 85	3	angle=72; angle=23. 점검: 지문의 명사와 수식·값이 짝이 맞는지, 질문이 묻는 대상이 정답 선지와 일치하는지
lat.exterior_angle.easy_remote_sum	easy	ext_from_remote	A ramp forms triangle STU. Angle S is 87 degrees and angle T is 35 degrees, and one side is extended beyond U.	How many degrees is the exterior angle at U?	A) 87 | B) 58 | C) 93 | D) 122	4	angle=87; angle=35. 점검: 지문의 명사와 수식·값이 짝이 맞는지, 질문이 묻는 대상이 정답 선지와 일치하는지
lat.isosceles_base_angle.med_base_from_apex	medium	base_from_apex	In isosceles triangle XYZ, sides XY and XZ have equal length. Its vertex angle X is 34 degrees.	Find the base angle at Y, in degrees.	A) 146 | B) 73 | C) 34 | D) 107	2	angle X|angle at X=34. 점검: 지문의 명사와 수식·값이 짝이 맞는지, 질문이 묻는 대상이 정답 선지와 일치하는지
lat.isosceles_base_angle.med_base_from_apex	medium	base_from_apex	Triangle ABC is isosceles with AB = AC. Angle A, between the equal sides, is 100 degrees.	What is the measure of angle B, in degrees?	A) 80 | B) 40 | C) 100 | D) 140	2	angle A|angle at A=100. 점검: 지문의 명사와 수식·값이 짝이 맞는지, 질문이 묻는 대상이 정답 선지와 일치하는지
lat.exterior_angle.med_find_remote	medium	remote_from_exterior	Side KM of triangle KLM is extended past M, forming an exterior angle of 110 degrees. Angle K is 25 degrees.	Find angle L, in degrees.	A) 85 | B) 70 | C) 135 | D) 155	1	angle K|angle at K=25; exterior angle=110. 점검: 지문의 명사와 수식·값이 짝이 맞는지, 질문이 묻는 대상이 정답 선지와 일치하는지
lat.exterior_angle.med_find_remote	medium	interior_from_exterior	An exterior angle at vertex M of triangle NLM is 125 degrees. Angle N is 45 degrees.	What is the measure of the interior angle at M, in degrees?	A) 45 | B) 55 | C) 70 | D) 80	2	angle N|angle at N=45; exterior angle=125. 점검: 지문의 명사와 수식·값이 짝이 맞는지, 질문이 묻는 대상이 정답 선지와 일치하는지
lat.similar_triangles.med_scale	medium	proportion_one_pair	A model DEF of a triangular frame ABC is built so that DE matches AB and EF matches BC. Here AB is 16, DE is 4, and BC is 28.	What is EF?	A) 112 | B) 16 | C) 28 | D) 7	4	AB=16; BC=28. 점검: 지문의 명사와 수식·값이 짝이 맞는지, 질문이 묻는 대상이 정답 선지와 일치하는지
lat.similar_triangles.med_scale	medium	proportion_one_pair	A photographer prints triangle KLM and an enlarged copy DEF, so the triangles are similar with KL matching DE and LM matching EF. Measurements: KL = 8, DE = 6, LM = 28.	Determine the length of EF.	A) 21 | B) 28 | C) 26 | D) 22	1	KL=8; LM=28. 점검: 지문의 명사와 수식·값이 짝이 맞는지, 질문이 묻는 대상이 정답 선지와 일치하는지
lat.triangle_angle_sum.med_expressions	medium	linear_expressions	A triangular lot NLM has corner angles of $(2x + 2)$ degrees, $(3x + 12)$ degrees, and $(2x + 103)$ degrees at N, L, and M, respectively.	What is the measure of angle N, in degrees?	A) 39 | B) 9 | C) 20 | D) 121	3	angle N|degrees at N|N, respectively=2x + 2. 점검: 지문의 명사와 수식·값이 짝이 맞는지, 질문이 묻는 대상이 정답 선지와 일치하는지
lat.triangle_angle_sum.med_expressions	medium	linear_expressions	The angles of triangle KLM are $(3x + 8)$ degrees at K, $(3x + 9)$ degrees at L, and $(x + 37)$ degrees at M.	Find the measure of angle L, in degrees.	A) 63 | B) 18 | C) 62 | D) 55	1	angle K|degrees at K|K, respectively=3x + 8. 점검: 지문의 명사와 수식·값이 짝이 맞는지, 질문이 묻는 대상이 정답 선지와 일치하는지
rt.pythagorean_hypotenuse.inverse	hard	perimeter_area	Triangle NLM has a right angle at L. Its hypotenuse is 82 units long and its perimeter is 180 units.	Find the area of the triangle, in square units.	A) 1440 | B) 4018 | C) 720 | D) 4802	3	hypotenuse|opposite the right angle=82; perimeter=180. 점검: 지문의 명사와 수식·값이 짝이 맞는지, 질문이 묻는 대상이 정답 선지와 일치하는지
rt.pythagorean_hypotenuse.inverse	hard	perimeter_area	Angle T of triangle STU measures 90 degrees. The hypotenuse measures 41 units, and the perimeter of the triangle is 90 units.	Find the area of the triangle, in square units.	A) 180 | B) 170 | C) 189 | D) 360	1	hypotenuse|opposite the right angle=41; perimeter=90. 점검: 지문의 명사와 수식·값이 짝이 맞는지, 질문이 묻는 대상이 정답 선지와 일치하는지
rt.pythagorean_hypotenuse.compose_kind	hard	circle_on_diagonal	Here is a question from a practice set. The sides of a rectangle measure 24 and 7. The diameter of a circle equals the diagonal of the rectangle.	What is the circumference of the circle? (Express the answer in terms of $\pi$.)	A) $56\pi$ | B) $50\pi$ | C) $31\pi$ | D) $25\pi$	4	rectang=24. 점검: 지문의 명사와 수식·값이 짝이 맞는지, 질문이 묻는 대상이 정답 선지와 일치하는지
rt.pythagorean_hypotenuse.compose_kind	hard	square_on_diagonal	Here is a question from a practice set. A rectangular banner has a width of 35 and a height of 12. The side of a square equals the diagonal of the rectangle.	What is the perimeter of the square?	A) 148 | B) 37 | C) 94 | D) 188	1	rectang=35. 점검: 지문의 명사와 수식·값이 짝이 맞는지, 질문이 묻는 대상이 정답 선지와 일치하는지
rt.pythagorean_hypotenuse.chain2	hard	two_right_triangles	An engineer is checking some measurements. In triangle DEF, angle E is a right angle, DE = 7, and EF = 24. Point G is placed so that angle DFG is a right angle and FG = 60.	What is the length of DG?	A) 91 | B) 65 | C) 60 | D) 25	2	DE=7; FG=60. 점검: 지문의 명사와 수식·값이 짝이 맞는지, 질문이 묻는 대상이 정답 선지와 일치하는지
rt.pythagorean_hypotenuse.chain2	hard	two_right_triangles	Triangle PQR has a right angle at Q, with legs PQ = 7 and QR = 24. A point F satisfies RF = 60 and angle PRF = 90 degrees.	Find the length of segment PF.	A) 65 | B) 91 | C) 60 | D) 25	1	PQ=7; RF=60. 점검: 지문의 명사와 수식·값이 짝이 맞는지, 질문이 묻는 대상이 정답 선지와 일치하는지
rt.pythagorean_hypotenuse.unit_ratio	hard	mixed_units	A student is working on a geometry problem. In right triangle KLM, the right angle is at vertex L. The legs measure 9 centimeters and 120 millimeters.	Find the hypotenuse of the triangle, in millimeters.	A) 150 | B) 210 | C) 120 | D) 15	1	leg=9. 점검: 지문의 명사와 수식·값이 짝이 맞는지, 질문이 묻는 대상이 정답 선지와 일치하는지
rt.pythagorean_hypotenuse.unit_ratio	hard	mixed_units	Here is a question from a practice set. Triangle PQR has a right angle at Q. The legs measure 8 feet and 180 inches.	Find the hypotenuse of the triangle, in feet.	A) 23 | B) 204 | C) 180 | D) 17	4	leg=8. 점검: 지문의 명사와 수식·값이 짝이 맞는지, 질문이 묻는 대상이 정답 선지와 일치하는지
rt.pythagorean_leg.inverse	hard	area_hyp_leg	In right triangle STU, the right angle is at vertex T. Its hypotenuse is 75 units and its area is 756 square units.	Find the shorter leg of the triangle, in units.	A) 22 | B) 72 | C) 21 | D) 20	3	hypotenuse=75; area=756. 점검: 지문의 명사와 수식·값이 짝이 맞는지, 질문이 묻는 대상이 정답 선지와 일치하는지
rt.pythagorean_leg.inverse	hard	area_hyp_perimeter	Here is a question from a practice set. Triangle GHJ has a right angle at H. Its hypotenuse is 13 units and its area is 30 square units.	Find the perimeter, in units.	A) 30 | B) 17 | C) 43 | D) 25	1	hypotenuse=13; area=30. 점검: 지문의 명사와 수식·값이 짝이 맞는지, 질문이 묻는 대상이 정답 선지와 일치하는지
rt.pythagorean_leg.chain2	hard	slide_down	A 15-foot rod rests against a vertical fence. The bottom of the rod is 9 feet away from the fence. Then the bottom is moved 3 feet farther away, so the top slides down.	What is the vertical distance, in feet, that the top slides?	A) 12 | B) 21 | C) 9 | D) 3	4	rod=15; base|bottom=9. 점검: 지문의 명사와 수식·값이 짝이 맞는지, 질문이 묻는 대상이 정답 선지와 일치하는지
rt.pythagorean_leg.chain2	hard	slide_down	The bottom of a rod that is 20 feet long is placed 12 feet from a vertical fence, and the top touches the fence. After the base is dragged 4 feet farther out, the top slips lower along the fence.	By how many feet does the top of the rod move down the fence?	A) 28 | B) 16 | C) 4 | D) 12	3	rod=20; base|bottom=12. 점검: 지문의 명사와 수식·값이 짝이 맞는지, 질문이 묻는 대상이 정답 선지와 일치하는지
rt.pythagorean_leg.constraint_select	hard	integer_triangles_with_leg	A teacher writes a problem on the board. Look at all right triangles whose three side lengths are positive integers and that have a leg of length 28. Each hypotenuse is no longer than 197. Two triangles are the same if their side lengths match.	How many triangles satisfy all of these conditions?	A) 7 | B) 3 | C) 5 | D) 4	4	leg=28; hypotenuse=197. 점검: 지문의 명사와 수식·값이 짝이 맞는지, 질문이 묻는 대상이 정답 선지와 일치하는지
rt.pythagorean_leg.constraint_select	hard	integer_triangles_with_leg	A student is working on a geometry problem. A right triangle has integer side lengths, and one of its legs is 20 units long. The hypotenuse is at most 101. Triangles with the same three side lengths count once.	How many triangles satisfy all of these conditions?	A) 4 | B) 5 | C) 7 | D) 3	1	leg=20; hypotenuse=101. 점검: 지문의 명사와 수식·값이 짝이 맞는지, 질문이 묻는 대상이 정답 선지와 일치하는지
rt.pythagorean_leg.repr_shift	hard	legs_differ	Angle Y of triangle XYZ measures 90 degrees. The longer leg is 23 units longer than the shorter leg, and the hypotenuse is 37 units long.	What is the perimeter of the triangle, in units?	A) 84 | B) 61 | C) 47 | D) 74	1	hypotenuse|opposite the right angle=37; longer leg|one leg|legs=23. 점검: 지문의 명사와 수식·값이 짝이 맞는지, 질문이 묻는 대상이 정답 선지와 일치하는지
rt.pythagorean_leg.repr_shift	hard	legs_differ	A student is working on a geometry problem. Triangle GHJ has a right angle at H. The two legs differ in length by 4 units, and the side opposite the right angle is 20 units.	Find the perimeter, in units.	A) 48 | B) 40 | C) 44 | D) 28	1	hypotenuse|opposite the right angle=20; longer leg|one leg|legs=4. 점검: 지문의 명사와 수식·값이 짝이 맞는지, 질문이 묻는 대상이 정답 선지와 일치하는지
rt.trig_ratio.inverse	hard	sine_to_side	An engineer is checking some measurements. Triangle ABC has a right angle at C, and the sine of angle A is $\frac{20}{29}$. Side BC, which lies opposite angle A, is 40 units long.	What is the length of side AC?	A) 58 | B) 42 | C) 40 | D) 70	2	sin A|sine of angle A=\frac{20}{29}. 점검: 지문의 명사와 수식·값이 짝이 맞는지, 질문이 묻는 대상이 정답 선지와 일치하는지
rt.trig_ratio.inverse	hard	sine_to_side	In right triangle DEF, the right angle is at F, and $\sin D = \frac{8}{17}$. The side opposite angle D has length 8.	What is the length of side DF?	A) 15 | B) 19 | C) 17 | D) 8	1	sin D|sine of angle D=\frac{8}{17}. 점검: 지문의 명사와 수식·값이 짝이 맞는지, 질문이 묻는 대상이 정답 선지와 일치하는지
rt.trig_ratio.compose_kind	hard	sine_to_area	A student is working on a geometry problem. Triangle XYZ is right-angled at Z, with hypotenuse XY = 39. The sine of angle X is $\frac{5}{13}$.	Find the area of triangle XYZ, in square units.	A) 309 | B) 293 | C) 270 | D) 540	3	hypotenuse=39. 점검: 지문의 명사와 수식·값이 짝이 맞는지, 질문이 묻는 대상이 정답 선지와 일치하는지
rt.trig_ratio.compose_kind	hard	sine_to_area	Consider the following situation. In right triangle XYZ, the right angle is at Z, and the hypotenuse XY is 10 units long. It is given that $\sin X = \frac{3}{5}$.	What is the area of the triangle, in square units?	A) 48 | B) 24 | C) 30 | D) 34	2	hypotenuse=10. 점검: 지문의 명사와 수식·값이 짝이 맞는지, 질문이 묻는 대상이 정답 선지와 일치하는지
rt.trig_ratio.chain2	hard	two_elevation_angles	A park ranger is mapping landmarks. The angle of elevation from a spot on flat ground to the top of a cliff has tangent $\frac{52}{33}$. The person then walks 2 meters directly toward the cliff; now the tangent of the angle of elevation to the top is $\frac{52}{31}$.	What is the vertical height of the top of the cliff above the ground, in meters?	A) 52 | B) 33 | C) 31 | D) 2	1	tangent=\frac{52}{33}. 점검: 지문의 명사와 수식·값이 짝이 맞는지, 질문이 묻는 대상이 정답 선지와 일치하는지
rt.trig_ratio.chain2	hard	two_elevation_angles	The angle of elevation from a spot on flat ground to the top of a lighthouse has tangent $\frac{1}{6}$. A step of 2 meters toward the base of the lighthouse changes the tangent of the elevation angle to $\frac{3}{17}$.	Find the height of the lighthouse, in meters.	A) 2 | B) 36 | C) 6 | D) 34	3	tangent=\frac{1}{6}. 점검: 지문의 명사와 수식·값이 짝이 맞는지, 질문이 묻는 대상이 정답 선지와 일치하는지
rt.trig_ratio.repr_shift	hard	slope_to_length	A ramp rises 40 feet for every 9 feet of horizontal distance. Measured along the ground, the ramp spans 36 feet.	What is the length of the ramp along its surface, in feet?	A) 196 | B) 164 | C) 36 | D) 160	2	horizontal|run|along the ground=36. 점검: 지문의 명사와 수식·값이 짝이 맞는지, 질문이 묻는 대상이 정답 선지와 일치하는지
rt.trig_ratio.repr_shift	hard	slope_to_length	Consider the following situation. A ramp rises 12 feet for every 35 feet of horizontal distance. The ramp covers a horizontal distance of 70 feet.	How long is the sloped surface of the ramp, in feet?	A) 94 | B) 24 | C) 70 | D) 74	4	horizontal|run|along the ground=70. 점검: 지문의 명사와 수식·값이 짝이 맞는지, 질문이 묻는 대상이 정답 선지와 일치하는지
rt.pythagorean_hypotenuse.easy_triple	easy	legs_to_hyp	A rectangular screen is 12 inches wide and 35 inches tall.	What is the length of the screen's diagonal, in inches?	A) 1369 | B) 23 | C) 47 | D) 37	4	(선지 서술형 — 지문 키워드→정답 규칙 일치). 점검: 지문의 명사와 수식·값이 짝이 맞는지, 질문이 묻는 대상이 정답 선지와 일치하는지
rt.pythagorean_hypotenuse.easy_triple	easy	legs_to_hyp	A hiker walks 35 miles due east and then 12 miles due north.	How far, in miles, is the hiker from the starting point?	A) 23 | B) 37 | C) 47 | D) 1369	2	(선지 서술형 — 지문 키워드→정답 규칙 일치). 점검: 지문의 명사와 수식·값이 짝이 맞는지, 질문이 묻는 대상이 정답 선지와 일치하는지
rt.pythagorean_leg.easy_missing_leg	easy	hyp_leg_to_leg	A bridge cable is 41 meters long and its horizontal reach is 9 meters.	What is the length of the missing side, in the same unit?	A) 32 | B) 1600 | C) 42 | D) 40	4	(선지 서술형 — 지문 키워드→정답 규칙 일치). 점검: 지문의 명사와 수식·값이 짝이 맞는지, 질문이 묻는 대상이 정답 선지와 일치하는지
rt.pythagorean_leg.easy_missing_leg	easy	hyp_leg_to_leg	A ladder 37 feet long leans against a vertical wall with its base 35 feet from the wall.	Find the length of the other side.	A) 144 | B) 12 | C) 51 | D) 2	2	(선지 서술형 — 지문 키워드→정답 규칙 일치). 점검: 지문의 명사와 수식·값이 짝이 맞는지, 질문이 묻는 대상이 정답 선지와 일치하는지
rt.pythagorean_hypotenuse.med_perimeter	medium	hyp_then_perimeter	A ramp rises 20 feet over a horizontal distance of 21 feet. Consider the right triangle formed by the two given lengths and the direct segment.	What is the perimeter of the right triangle formed (the sum of all three sides), in the same unit?	A) 82 | B) 29 | C) 70 | D) 41	3	(선지 서술형 — 지문 키워드→정답 규칙 일치). 점검: 지문의 명사와 수식·값이 짝이 맞는지, 질문이 묻는 대상이 정답 선지와 일치하는지
rt.pythagorean_hypotenuse.med_perimeter	medium	hyp_then_perimeter	A zip line is anchored at a point on the ground 24 meters from the base of a pole that is 7 meters tall and runs to the top of the pole. Imagine a path that follows all three sides of the right triangle formed.	Find the perimeter of the right triangle formed, in the same unit.	A) 56 | B) 31 | C) 62 | D) 25	1	(선지 서술형 — 지문 키워드→정답 규칙 일치). 점검: 지문의 명사와 수식·값이 짝이 맞는지, 질문이 묻는 대상이 정답 선지와 일치하는지
rt.pythagorean_leg.med_area	medium	leg_then_area	An engineer is checking some measurements. A roof gable is a right triangle with a slanted edge of 87 feet and a vertical edge of 63 feet.	How large is the area of this right triangle, in square units?	A) 1953 | B) 3780 | C) 1890 | D) 60	3	(선지 서술형 — 지문 키워드→정답 규칙 일치). 점검: 지문의 명사와 수식·값이 짝이 맞는지, 질문이 묻는 대상이 정답 선지와 일치하는지
rt.pythagorean_leg.med_area	medium	leg_then_area	A triangular sail is a right triangle whose longest edge is 82 feet and whose known edge next to the right angle is 18 feet.	Find the area of the triangle, in square units.	A) 720 | B) 1440 | C) 738 | D) 80	1	(선지 서술형 — 지문 키워드→정답 규칙 일치). 점검: 지문의 명사와 수식·값이 짝이 맞는지, 질문이 묻는 대상이 정답 선지와 일치하는지
rt.trig_ratio.med_ratio	medium	sin	A teacher writes a problem on the board. In right triangle DEF, the right angle is at F, EF = 21, and DF = 20.	Which fraction in lowest terms equals $\sin E$?	A) 20/29 | B) 29/20 | C) 21/29 | D) 2/5	1	(선지 서술형 — 지문 키워드→정답 규칙 일치). 점검: 지문의 명사와 수식·값이 짝이 맞는지, 질문이 묻는 대상이 정답 선지와 일치하는지
rt.trig_ratio.med_ratio	medium	tan	A teacher writes a problem on the board. Consider triangle ABC with a 90-degree angle at C. Its legs are AC = 10 and BC = 24.	Determine $\tan B$.	A) 5/13 | B) 1/5 | C) 5/12 | D) 12/5	3	(선지 서술형 — 지문 키워드→정답 규칙 일치). 점검: 지문의 명사와 수식·값이 짝이 맞는지, 질문이 묻는 대상이 정답 선지와 일치하는지
ovd.mean.inverse	hard	removed_value	A student is analyzing some data. For 5 basketball games, the mean of the points scored is 58. After one value is taken out, the other 4 values have a mean of 51.	What was the removed value?	A) 93 | B) 23 | C) 86 | D) 7	3	mean=58. 점검: 지문의 명사와 수식·값이 짝이 맞는지, 질문이 묻는 대상이 정답 선지와 일치하는지
ovd.mean.inverse	hard	added_value	Here is a question about a data set. The mean of the numbers of push-ups completed for 7 athletes is 80. After one more value is included, the mean of all 8 values is 82.	What was the additional value?	A) 89 | B) 96 | C) 82 | D) 2	2	mean=80. 점검: 지문의 명사와 수식·값이 짝이 맞는지, 질문이 묻는 대상이 정답 선지와 일치하는지
ovd.mean.compare_scenarios	hard	combined_vs_group	A student is analyzing some data. The points scored of the 10 basketball games in Set X have a mean of 63. The points scored of the 5 basketball games in Set Y have a mean of 54. The two groups are combined into one.	By how much does the mean of the combined group differ from the mean of Set X?	A) 3 | B) 60 | C) 6 | D) 4	1	Set X=10; Set Y=5. 점검: 지문의 명사와 수식·값이 짝이 맞는지, 질문이 묻는 대상이 정답 선지와 일치하는지
ovd.mean.compare_scenarios	hard	combined_vs_group	A teacher poses a statistics problem. The heights (in centimeters) of the 5 seedlings in Set X have a mean of 65. The heights (in centimeters) of the 11 seedlings in Set Y have a mean of 81. All of the seedlings are then pooled together.	By how much does the mean of the combined group differ from the mean of Set X?	A) 76 | B) 11 | C) 5 | D) 73	2	Set X=5; Set Y=11. 점검: 지문의 명사와 수식·값이 짝이 맞는지, 질문이 묻는 대상이 정답 선지와 일치하는지
ovd.mean.chain2	hard	transform_then_add	A teacher poses a statistics problem. For 7 weeks, the weekly savings (in dollars) have a mean of 34. A rule changes every value: it is multiplied by 2 and then decreased by 8. Then one more value, 100, is added to the list.	Find the mean of all 8 values at the end.	A) 60 | B) 80 | C) 66 | D) 65	4	mean=34. 점검: 지문의 명사와 수식·값이 짝이 맞는지, 질문이 묻는 대상이 정답 선지와 일치하는지
ovd.mean.chain2	hard	transform_then_add	Read the information below. The mean of the numbers of push-ups completed for 9 athletes is 44. Each of the values is multiplied by 2 and then decreased by 6. After that, a new value of 52 is included.	What is the mean of the final list of 10 values?	A) 80 | B) 79 | C) 82 | D) 67	2	mean=44. 점검: 지문의 명사와 수식·값이 짝이 맞는지, 질문이 묻는 대상이 정답 선지와 일치하는지
ovd.mean.constraint_select	hard	least_largest	Consider the following data. A list contains 4 positive integers, no two of which are equal, and their mean is 13.	What is the smallest value that the biggest integer in the list can have?	A) 16 | B) 15 | C) 13 | D) 14	2	mean=13. 점검: 지문의 명사와 수식·값이 짝이 맞는지, 질문이 묻는 대상이 정답 선지와 일치하는지
ovd.mean.constraint_select	hard	greatest_largest	A teacher poses a statistics problem. The numbers of emails received of 5 workdays are 5 different positive integers with a mean of 9.	What is the largest value that the biggest integer in the list can have?	A) 41 | B) 35 | C) 34 | D) 36	2	mean=9. 점검: 지문의 명사와 수식·값이 짝이 맞는지, 질문이 묻는 대상이 정답 선지와 일치하는지
ovd.median.inverse	hard	unknown_in_list	A student is analyzing some data. The numbers of emails received for 6 workdays are 79, 20, $x$, 57, 38, 40, where $x$ is a whole number. The values have a median of 41.	What is the value of $x$?	A) 42 | B) 41 | C) 43 | D) 40	1	median=41. 점검: 지문의 명사와 수식·값이 짝이 맞는지, 질문이 묻는 대상이 정답 선지와 일치하는지
ovd.median.inverse	hard	unknown_in_list	Read the information below. Six club members have numbers of books read of 41, $x$, 77, 16, 85, 87, and $x$ is a whole number. The median of the six values is 70.	Find $x$.	A) 64 | B) 70 | C) 63 | D) 77	3	median=70. 점검: 지문의 명사와 수식·값이 짝이 맞는지, 질문이 묻는 대상이 정답 선지와 일치하는지
ovd.median.constraint_select	hard	greatest_largest	A student is analyzing some data. A list of five positive integers has median 8 and mean 13. The integers are not necessarily different from one another.	What is the greatest possible value of the largest integer?	A) 49 | B) 61 | C) 55 | D) 47	4	median=8; mean=13. 점검: 지문의 명사와 수식·값이 짝이 맞는지, 질문이 묻는 대상이 정답 선지와 일치하는지
ovd.median.constraint_select	hard	greatest_smallest	Five days have whole-number daily high temperatures (in degrees Fahrenheit); the median of the five values is 5 and the mean is 4. The integers are not necessarily different from one another.	What is the largest value the smallest of the five integers could have?	A) 3 | B) 5 | C) 1 | D) 2	4	median=5; mean=4. 점검: 지문의 명사와 수식·값이 짝이 맞는지, 질문이 묻는 대상이 정답 선지와 일치하는지
ovd.median.compare_scenarios	hard	merge_compare	A student is analyzing some data. The daily high temperatures (in degrees Fahrenheit) for List 1 are 30, 30, 8, 8, 20. The daily high temperatures (in degrees Fahrenheit) for List 2 are 64, 63, 27, 23, 44, 31. All 11 values are then combined into one list.	What is the positive difference between the median of List 2 and the median of the combined list?	A) 8.75 | B) 17.5 | C) 10 | D) 7.5	4	List 1=30; List 2=64. 점검: 지문의 명사와 수식·값이 짝이 맞는지, 질문이 묻는 대상이 정답 선지와 일치하는지
ovd.median.compare_scenarios	hard	merge_compare	A teacher poses a statistics problem. Set A has the numbers of customers served: 47, 28, 9, 33, 30. The numbers of customers served for Set B are 40, 83, 59, 72, 50, 37. All 11 values are then combined into one list.	By how much does the median of Set B differ from the median of the combined list?	A) 14.5 | B) 12.25 | C) 24.5 | D) 10	1	Set A=47; Set B=40. 점검: 지문의 명사와 수식·값이 짝이 맞는지, 질문이 묻는 대상이 정답 선지와 일치하는지
ovd.median.repr_shift	hard	frequency_tally	A student is analyzing some data. In a tally of siblings, 12 students had 3 siblings, 5 students had 4 siblings, 4 students had 5 siblings, 2 students had 6 siblings, 12 students had 7 siblings.	What is the median?	A) 6 | B) 5 | C) 4 | D) 3	2	students|student=12. 점검: 지문의 명사와 수식·값이 짝이 맞는지, 질문이 묻는 대상이 정답 선지와 일치하는지
ovd.median.repr_shift	hard	frequency_tally	A teacher poses a statistics problem. In a tally of goals scored, 4 matches had 3 goals, 2 matches had 4 goals, 3 matches had 5 goals, 1 match had 6 goals, 11 matches had 7 goals.	What is the median number of goals?	A) 8 | B) 6 | C) 5 | D) 7	4	matches|match=4. 점검: 지문의 명사와 수식·값이 짝이 맞는지, 질문이 묻는 대상이 정답 선지와 일치하는지
ovd.range.inverse	hard	fifth_value_cases	Read the information below. Four of the five numbers of push-ups completed are 51, 36, 36, 44. The range of all five values is 29.	If there are two possible values for the unknown value, what is their sum?	A) 80 | B) 29 | C) 65 | D) 87	4	range=29. 점검: 지문의 명사와 수식·값이 짝이 맞는지, 질문이 묻는 대상이 정답 선지와 일치하는지
ovd.range.inverse	hard	fifth_value_cases	A student is analyzing some data. Four of the five numbers of emails received are 44, 48, 53, 55. The range of all five values is 22.	What is the greatest possible value of the fifth value?	A) 66 | B) 33 | C) 22 | D) 77	1	range=22. 점검: 지문의 명사와 수식·값이 짝이 맞는지, 질문이 묻는 대상이 정답 선지와 일치하는지
ovd.range.constraint_select	hard	min_range_distinct	The mean of 5 positive integers, no two of them equal, is 12.2.	What is the least possible value of the range?	A) 5 | B) 6 | C) 12 | D) 4	1	mean=12.2. 점검: 지문의 명사와 수식·값이 짝이 맞는지, 질문이 묻는 대상이 정답 선지와 일치하는지
ovd.range.constraint_select	hard	min_range_distinct	The weekly savings (in dollars) of 4 weeks are 4 different positive integers whose mean is 6.5.	What is the smallest possible range of the integers?	A) 2 | B) 7 | C) 3 | D) 4	3	mean=6.5. 점검: 지문의 명사와 수식·값이 짝이 맞는지, 질문이 묻는 대상이 정답 선지와 일치하는지
ovd.range.compare_scenarios	hard	merge_range	Here is a question about a data set. Set A has the numbers of emails received: 48, 54, 11, 18, 19, 43, 28. The numbers of emails received for Set B are 93, 80, 68, 95, 69, 47, 41. All of the values are then pooled together.	By how much is the range of the combined list greater than the range of Set A?	A) 84 | B) 54 | C) 41 | D) 11	3	Set A=48; Set B=93. 점검: 지문의 명사와 수식·값이 짝이 맞는지, 질문이 묻는 대상이 정답 선지와 일치하는지
ovd.range.compare_scenarios	hard	merge_range	A data analyst is summarizing results. Data set 1 has the heights (in centimeters): 57, 41, 46, 24, 25. The heights (in centimeters) for Data set 2 are 53, 42, 95, 47, 60, 93, 78. All of the values are then pooled together.	By how much is the range of the combined list greater than the range of Data set 1?	A) 20 | B) 38 | C) 53 | D) 71	2	Data set 1=57; Data set 2=53. 점검: 지문의 명사와 수식·값이 짝이 맞는지, 질문이 묻는 대상이 정답 선지와 일치하는지
ovd.range.compose_kind	hard	linear_transform_mean_range	A teacher poses a statistics problem. 5 patients were observed, and the waiting times (in minutes) were 10, 14, 39, 36, 11. Each value is multiplied by 3 and then decreased by 7.	Find the mean of the new list plus its range.	A) 146 | B) 153 | C) 88 | D) 44	1	waiting times (in minutes)=10. 점검: 지문의 명사와 수식·값이 짝이 맞는지, 질문이 묻는 대상이 정답 선지와 일치하는지
ovd.range.compose_kind	hard	linear_transform_mean_range	Consider the following data. The numbers of push-ups completed for 8 athletes are 12, 17, 9, 13, 32, 14, 37, 10. A new list is formed by multiplying every value by 2 and subtracting 10.	What do you get by adding the new mean and the new range?	A) 54 | B) 92 | C) 36 | D) 82	4	numbers of push-ups completed=12. 점검: 지문의 명사와 수식·값이 짝이 맞는지, 질문이 묻는 대상이 정답 선지와 일치하는지
ovd.grouped_median_interval.repr_shift	hard	median_interval	Read the information below. A frequency table groups the number of minutes of exercise per week for 46 students into intervals (interval: number of students): 10 to 14: 11; 15 to 19: 9; 20 to 24: 10; 25 to 29: 11; 30 to 34: 5.	The median lies in one of the intervals. What is the lower endpoint of that interval?	A) 10 | B) 25 | C) 20 | D) 15	3	10 to 14=11. 점검: 지문의 명사와 수식·값이 짝이 맞는지, 질문이 묻는 대상이 정답 선지와 일치하는지
ovd.grouped_median_interval.repr_shift	hard	median_interval	Here is a question about a data set. Data about points on a final exam for 50 students are summarized in intervals, with counts listed as interval: count — 50 to 69: 12; 70 to 89: 11; 90 to 109: 14; 110 to 129: 3; 130 to 149: 8; 150 to 169: 2.	What is the smallest value in the interval that contains the median?	A) 90 | B) 109 | C) 110 | D) 70	1	50 to 69=12. 점검: 지문의 명사와 수식·값이 짝이 맞는지, 질문이 묻는 대상이 정답 선지와 일치하는지
ovd.grouped_median_interval.inverse	hard	missing_before_median	Here is a question about a data set. The minutes of exercise per week of some students are grouped as follows (interval: count): 0 to 19: 3; 20 to 39: $x$; 40 to 59: 11; 60 to 79: 6; 80 to 99: 10, with $x$ a whole number. The median lies in the interval 40 to 59.	What is the greatest possible value of $x$?	A) 24 | B) 23 | C) 22 | D) 3	2	0 to 19=3. 점검: 지문의 명사와 수식·값이 짝이 맞는지, 질문이 묻는 대상이 정답 선지와 일치하는지
ovd.grouped_median_interval.inverse	hard	missing_before_median	Read the information below. The points on a final exam of some students are grouped as follows (interval: count): 50 to 69: $x$; 70 to 89: 6; 90 to 109: 3; 110 to 129: 10; 130 to 149: 7, with $x$ a whole number. It is known that the median is in the interval from 70 to 89.	What is the largest whole number that $x$ can be?	A) 26 | B) 15 | C) 24 | D) 25	4	70 to 89=6. 점검: 지문의 명사와 수식·값이 짝이 맞는지, 질문이 묻는 대상이 정답 선지와 일치하는지
ovd.grouped_median_interval.constraint_select	hard	add_to_top_interval	Consider the following data. Data about points on a final exam for 37 students are summarized in intervals, with counts listed as interval: count — 0 to 19: 6; 20 to 39: 6; 40 to 59: 12; 60 to 79: 2; 80 to 99: 11. More students are added, and all of the new values fall in the interval 80 to 99.	How many students must be added, at minimum, for the median to leave the interval 40 to 59?	A) 11 | B) 12 | C) 14 | D) 10	1	0 to 19=6. 점검: 지문의 명사와 수식·값이 짝이 맞는지, 질문이 묻는 대상이 정답 선지와 일치하는지
ovd.grouped_median_interval.constraint_select	hard	add_to_top_interval	The minutes of exercise per week of 20 students are grouped as follows (interval: count): 20 to 39: 14; 40 to 59: 2; 60 to 79: 2; 80 to 99: 2. Additional students join the data; every new value is in the top interval, 80 to 99.	How many students must be added, at minimum, for the median to leave the interval 20 to 39?	A) 4 | B) 7 | C) 8 | D) 9	3	20 to 39=14. 점검: 지문의 명사와 수식·값이 짝이 맞는지, 질문이 묻는 대상이 정답 선지와 일치하는지
ovd.grouped_median_interval.compare_scenarios	hard	two_tables_median_interval	Here is a question about a data set. Town 1: The dollars spent on lunch of 42 workers are grouped as follows (interval: count): 20 to 29: 13; 30 to 39: 5; 40 to 49: 13; 50 to 59: 5; 60 to 69: 6. Town 2: A frequency table groups the number of dollars spent on lunch for 35 workers into intervals (interval: number of workers): 20 to 29: 9; 30 to 39: 13; 40 to 49: 6; 50 to 59: 3; 60 to 69: 4.	What is the positive difference between the lower endpoints of the intervals that contain the medians of Town 1 and Town 2?	A) 30 | B) 20 | C) 10 | D) 1	3	20 to 29=13. 점검: 지문의 명사와 수식·값이 짝이 맞는지, 질문이 묻는 대상이 정답 선지와 일치하는지
ovd.grouped_median_interval.compare_scenarios	hard	two_tables_median_interval	Group X: A frequency table groups the number of dollars spent on lunch for 50 workers into intervals (interval: number of workers): 50 to 69: 11; 70 to 89: 6; 90 to 109: 13; 110 to 129: 12; 130 to 149: 8. Group Y: A frequency table groups the number of dollars spent on lunch for 27 workers into intervals (interval: number of workers): 50 to 69: 13; 70 to 89: 4; 90 to 109: 3; 110 to 129: 2; 130 to 149: 5.	What is the positive difference between the lower endpoints of the intervals that contain the medians of Group X and Group Y?	A) 20 | B) 40 | C) 1 | D) 60	1	50 to 69=11. 점검: 지문의 명사와 수식·값이 짝이 맞는지, 질문이 묻는 대상이 정답 선지와 일치하는지
ovd.mean.easy_mean	easy	mean_of_list	A teacher poses a statistics problem. A researcher records the numbers of push-ups completed of 6 athletes: 30, 10, 19, 33, 50, 38.	What is the average of these values?	A) 40 | B) 30 | C) 26 | D) 180	2	numbers of push-ups completed=30. 점검: 지문의 명사와 수식·값이 짝이 맞는지, 질문이 묻는 대상이 정답 선지와 일치하는지
ovd.mean.easy_mean	easy	mean_of_list	Here is a question about a data set. The minutes spent on homework for 7 students are 55, 12, 51, 20, 28, 19, 39.	What is the average of these values?	A) 224 | B) 43 | C) 28 | D) 32	4	minutes spent on homework=55. 점검: 지문의 명사와 수식·값이 짝이 맞는지, 질문이 묻는 대상이 정답 선지와 일치하는지
ovd.range.easy_range	easy	range_of_list	A researcher records the waiting times (in minutes) of 8 patients: 78, 52, 15, 39, 21, 7, 15, 59.	Find the range of the waiting times (in minutes).	A) 78 | B) 71 | C) 36 | D) 85	2	waiting times (in minutes)=78. 점검: 지문의 명사와 수식·값이 짝이 맞는지, 질문이 묻는 대상이 정답 선지와 일치하는지
ovd.range.easy_range	easy	range_of_list	Consider the following data. The quiz scores (in points) for 5 students are 85, 60, 56, 27, 12.	Find the range of the quiz scores (in points).	A) 97 | B) 85 | C) 73 | D) 48	3	quiz scores (in points)=85. 점검: 지문의 명사와 수식·값이 짝이 맞는지, 질문이 묻는 대상이 정답 선지와 일치하는지
ovd.median.med_median_list	medium	median_even	A data analyst is summarizing results. Here are the numbers of push-ups completed for 8 athletes: 25, 56, 53, 76, 26, 18, 22, 67.	What is the median of the data?	A) 42.88 | B) 53 | C) 39.5 | D) 26	3	numbers of push-ups completed=25. 점검: 지문의 명사와 수식·값이 짝이 맞는지, 질문이 묻는 대상이 정답 선지와 일치하는지
ovd.median.med_median_list	medium	median_even	Here is a question about a data set. 6 club members were observed, and the numbers of books read were 92, 23, 66, 33, 53, 95.	What is the median of the data?	A) 60.33 | B) 59.5 | C) 33 | D) 66	2	numbers of books read=92. 점검: 지문의 명사와 수식·값이 짝이 맞는지, 질문이 묻는 대상이 정답 선지와 일치하는지
ovd.mean.med_missing_for_mean	medium	missing_value_for_mean	The quiz scores (in points) for the first 7 of 8 students are 68, 86, 48, 94, 41, 68, 63. The goal is for the 8 values to have a mean of 73.	Find the missing value needed to reach the mean.	A) 73 | B) 116 | C) 67 | D) 43	2	mean|average=73. 점검: 지문의 명사와 수식·값이 짝이 맞는지, 질문이 묻는 대상이 정답 선지와 일치하는지
ovd.mean.med_missing_for_mean	medium	missing_value_for_mean	Read the information below. 6 of the 7 workdays have numbers of emails received of 73, 84, 84, 87, 95, 57. All 7 values together must average 75.	What value is needed for the remaining one so that the mean is 75?	A) 80 | B) 45 | C) 50 | D) 75	2	mean|average=75. 점검: 지문의 명사와 수식·값이 짝이 맞는지, 질문이 묻는 대상이 정답 선지와 일치하는지
ovd.mean.med_freq_mean	medium	mean_from_frequency	A student is analyzing some data. The number of pets per unit was tallied as follows: 4 households had 0 pets; 5 households had 1 pet; 1 household had 3 pets; 6 households had 4 pets.	Find the mean of the pets data.	A) 3 | B) 32 | C) 8 | D) 2	4	households|household=4. 점검: 지문의 명사와 수식·값이 짝이 맞는지, 질문이 묻는 대상이 정답 선지와 일치하는지
ovd.mean.med_freq_mean	medium	mean_from_frequency	A data analyst is summarizing results. In a tally of cars owned, 3 families had 3 cars, 2 families had 4 cars, 1 family had 7 cars.	Find the mean of the cars owned data.	A) 5 | B) 24 | C) 4 | D) 8	3	families|family=3. 점검: 지문의 명사와 수식·값이 짝이 맞는지, 질문이 묻는 대상이 정답 선지와 일치하는지
tvd.cell.inverse	hard	fill_from_totals	A data analyst is summarizing results. A survey of 93 employees found that 38 were full-time employees and the rest were part-time employees. In all, 52 of the 93 employees enrolled in the wellness program. Of the full-time employees, 17 enrolled in the wellness program.	How many part-time employees enrolled in the wellness program?	A) 20 | B) 41 | C) 55 | D) 35	4	full-time employees=38; employees=93. 점검: 지문의 명사와 수식·값이 짝이 맞는지, 질문이 묻는 대상이 정답 선지와 일치하는지
tvd.cell.inverse	hard	fill_from_totals	A survey of 119 students found that 56 were juniors and the rest were seniors. In all, 53 of the 119 students joined the robotics club. 24 of the juniors joined the robotics club.	How many seniors joined the robotics club?	A) 66 | B) 29 | C) 34 | D) 63	2	juniors=56; students=119. 점검: 지문의 명사와 수식·값이 짝이 맞는지, 질문이 묻는 대상이 정답 선지와 일치하는지
tvd.cell.chain2	hard	percent_chain_total	A survey included 400 members, and 80% of them were morning members; the rest were evening members. 30% of the morning members use the pool. 60% of the evening members use the pool.	How many of the 400 members use the pool?	A) 144 | B) 360 | C) 48 | D) 96	1	morning members=80%; members=400. 점검: 지문의 명사와 수식·값이 짝이 맞는지, 질문이 묻는 대상이 정답 선지와 일치하는지
tvd.cell.chain2	hard	percent_chain_total	A student is analyzing some data. Of 160 customers, 50% are online customers and the remaining customers are in-store customers. 10% of the online customers bought a warranty. Among the in-store customers, 40% bought a warranty.	How many of the 160 customers bought a warranty?	A) 8 | B) 40 | C) 80 | D) 32	2	online customers=50%; customers=160. 점검: 지문의 명사와 수식·값이 짝이 맞는지, 질문이 묻는 대상이 정답 선지와 일치하는지
tvd.cell.repr_shift	hard	statements_to_cells	Here is a question about a data set. There are 300 patients, each of whom is either one of the adult patients or one of the child patients. 30% of all patients are adult patients who received the vaccine. There are 6 more adult patients who did not receive the vaccine than adult patients who received the vaccine. 50% of the child patients received the vaccine.	What is the number of child patients who did not receive the vaccine?	A) 150 | B) 114 | C) 63 | D) 57	4	patients=300. 점검: 지문의 명사와 수식·값이 짝이 맞는지, 질문이 묻는 대상이 정답 선지와 일치하는지
tvd.cell.repr_shift	hard	statements_to_cells	Read the information below. There are 120 voters, each of whom is either one of the urban residents or one of the rural residents. The urban residents who support the measure make up 25% of the 120 voters. There are 10 more urban residents who oppose the measure than urban residents who support the measure. 10% of the rural residents support the measure.	What is the number of rural residents who oppose the measure?	A) 45 | B) 50 | C) 5 | D) 55	1	voters=120. 점검: 지문의 명사와 수식·값이 짝이 맞는지, 질문이 묻는 대상이 정답 선지와 일치하는지
tvd.cell.constraint_select	hard	greatest_both	A teacher poses a statistics problem. 118 households are classified as households with children (58 of them) or households without children. A total of 88 households own a pet. At least 22 of the households with children do not own a pet.	What is the largest number of households with children that could be among those who own a pet?	A) 28 | B) 36 | C) 14 | D) 58	2	households=118; households with children=58. 점검: 지문의 명사와 수식·값이 짝이 맞는지, 질문이 묻는 대상이 정답 선지와 일치하는지
tvd.cell.constraint_select	hard	least_both	Read the information below. 65 customers are classified as online customers (35 of them) or in-store customers. In all, 43 of the 65 customers bought a warranty. The number of in-store customers who did not buy a warranty is 18 or more.	What is the smallest number of online customers that could have bought a warranty?	A) 31 | B) 35 | C) 49 | D) 13	1	customers=65; online customers=35. 점검: 지문의 명사와 수식·값이 짝이 맞는지, 질문이 묻는 대상이 정답 선지와 일치하는지
tvd.row_total.inverse	hard	percent_to_row_total	Consider the following data. A total of 41 households own a pet. Of those, 29 are households with children. Among all households without children, 20% own a pet; these are the others who own a pet.	How many households without children are there in all?	A) 60 | B) 41 | C) 12 | D) 205	1	households=41. 점검: 지문의 명사와 수식·값이 짝이 맞는지, 질문이 묻는 대상이 정답 선지와 일치하는지
tvd.row_total.inverse	hard	percent_to_row_total	A teacher poses a statistics problem. A total of 137 households own a pet. Of those, 57 are households with children. Among all households without children, 50% own a pet; these are the others who own a pet.	How many households without children do not own a pet?	A) 90 | B) 114 | C) 274 | D) 80	4	households=137. 점검: 지문의 명사와 수식·값이 짝이 맞는지, 질문이 묻는 대상이 정답 선지와 일치하는지
tvd.row_total.chain2	hard	total_then_row_percent	The 40 households with children represent 25% of the households in the group. All remaining households are households without children; 50% of them own a pet.	How many households without children own a pet?	A) 120 | B) 80 | C) 60 | D) 20	3	households with children=40. 점검: 지문의 명사와 수식·값이 짝이 맞는지, 질문이 묻는 대상이 정답 선지와 일치하는지
tvd.row_total.chain2	hard	total_then_row_percent	A teacher poses a statistics problem. The 60 morning members represent 40% of the members in the group. Everyone else in the group is one of the evening members, and 60% of the evening members use the pool.	What is the number of evening members who use the pool?	A) 150 | B) 90 | C) 36 | D) 54	4	morning members=60. 점검: 지문의 명사와 수식·값이 짝이 맞는지, 질문이 묻는 대상이 정답 선지와 일치하는지
tvd.row_total.repr_shift	hard	relation_to_row_total	Here is a question about a data set. 120 households took part, and each was either one of the households with children or one of the households without children. The number of households without children is 25 more than four times the number of households with children.	How many households with children are there?	A) 44 | B) 101 | C) 24 | D) 19	4	households=120. 점검: 지문의 명사와 수식·값이 짝이 맞는지, 질문이 묻는 대상이 정답 선지와 일치하는지
tvd.row_total.repr_shift	hard	relation_to_row_total	Read the information below. A study of 132 customers separated them into online customers and in-store customers. The number of in-store customers is 18 more than twice the number of online customers.	What is the number of online customers?	A) 20 | B) 94 | C) 56 | D) 38	4	customers=132. 점검: 지문의 명사와 수식·값이 짝이 맞는지, 질문이 묻는 대상이 정답 선지와 일치하는지
tvd.row_total.compare_scenarios	hard	two_surveys_row_total	Consider the following data. Site 1 surveyed 250 customers; 20% were online customers. In Site 2, 80 customers were surveyed, and 20% of them were online customers.	What is the positive difference between the numbers of online customers in the two surveys?	A) 66 | B) 170 | C) 136 | D) 34	4	Site 1=250; Site 2=80. 점검: 지문의 명사와 수식·값이 짝이 맞는지, 질문이 묻는 대상이 정답 선지와 일치하는지
tvd.row_total.compare_scenarios	hard	two_surveys_row_total	Here is a question about a data set. Site 1 surveyed 120 customers; 60% were online customers. In Site 2, 100 customers were surveyed, and 60% of them were online customers.	How many more online customers are in the survey with more online customers than in the other survey?	A) 20 | B) 132 | C) 8 | D) 12	4	Site 1=120; Site 2=100. 점검: 지문의 명사와 수식·값이 짝이 맞는지, 질문이 묻는 대상이 정답 선지와 일치하는지
tvd.conditional_share.inverse	hard	conditional_percent_to_row	30 of the adult patients received the vaccine; these 30 are 75% of the adult patients. The other patients are child patients, and there are no other categories.	What is the number of adult patients who did not receive the vaccine?	A) 10 | B) 60 | C) 30 | D) 13	1	adult patients=30. 점검: 지문의 명사와 수식·값이 짝이 맞는지, 질문이 묻는 대상이 정답 선지와 일치하는지
tvd.conditional_share.inverse	hard	conditional_percent_to_row	A student is analyzing some data. The full-time employees who enrolled in the wellness program number 15, and they make up 30% of the full-time employees. The other employees are part-time employees, and there are no other categories.	What is the number of full-time employees who did not enroll?	A) 35 | B) 38 | C) 30 | D) 15	1	full-time employees=15. 점검: 지문의 명사와 수식·값이 짝이 맞는지, 질문이 묻는 대상이 정답 선지와 일치하는지
tvd.conditional_share.chain2	hard	weighted_overall_percent	Consider the following data. A sample of 400 customers is 20% online customers; the others are in-store customers. Among online customers, 60% bought a warranty; among in-store customers, 30% bought a warranty.	What percent of all 400 customers bought a warranty?	A) 45% | B) 90% | C) 36% | D) 60%	3	online customers=60%. 점검: 지문의 명사와 수식·값이 짝이 맞는지, 질문이 묻는 대상이 정답 선지와 일치하는지
tvd.conditional_share.chain2	hard	weighted_overall_percent	25% of the 200 students in a sample are juniors, and the rest are seniors. 50% of the juniors joined the robotics club, and 70% of the seniors joined the robotics club.	What percent of all 200 students joined the robotics club?	A) 60% | B) 65% | C) 120% | D) 50%	2	juniors=50%. 점검: 지문의 명사와 수식·값이 짝이 맞는지, 질문이 묻는 대상이 정답 선지와 일치하는지
tvd.conditional_share.compose_kind	hard	column_conditional_share	A student is analyzing some data. Of those who enrolled in the wellness program, 48 are full-time employees and 32 are part-time employees. 35 full-time employees and 24 part-time employees did not enroll.	What percent of the employees who enrolled in the wellness program are full-time employees?	A) 40% | B) 60% | C) 65% | D) 55%	2	full-time employees=48; part-time employees=32. 점검: 지문의 명사와 수식·값이 짝이 맞는지, 질문이 묻는 대상이 정답 선지와 일치하는지
tvd.conditional_share.compose_kind	hard	column_conditional_share	Here is a question about a data set. Of those who take the train, 28 are city commuters and 12 are suburban commuters. 41 city commuters and 16 suburban commuters drive to work.	What percent of the commuters who take the train are city commuters?	A) 65% | B) 30% | C) 70% | D) 75%	3	city commuters=28; suburban commuters=12. 점검: 지문의 명사와 수식·값이 짝이 맞는지, 질문이 묻는 대상이 정답 선지와 일치하는지
tvd.conditional_share.compare_scenarios	hard	two_group_percentage_points	A student is analyzing some data. Of the 80 households with children, 16 own a pet. 25 of the 50 households without children own a pet.	What is the positive difference, in percentage points, between the two percents?	A) 9 | B) 35 | C) 70 | D) 30	4	households with children=80; households without children=50. 점검: 지문의 명사와 수식·값이 짝이 맞는지, 질문이 묻는 대상이 정답 선지와 일치하는지
tvd.conditional_share.compare_scenarios	hard	two_group_percentage_points	A data analyst is summarizing results. The data include 100 adult patients; 30 of them received the vaccine. The data also include 80 child patients; 40 of them received the vaccine.	The two groups differ by how many percentage points in the share that received the vaccine?	A) 10 | B) 20 | C) 80 | D) 25	2	adult patients=100; child patients=80. 점검: 지문의 명사와 수식·값이 짝이 맞는지, 질문이 묻는 대상이 정답 선지와 일치하는지
tvd.scatter_equation.inverse	hard	x_intercept_from_slope_point	A data analyst is summarizing results. A line of best fit models the relationship between the number of pages in a book (pages) and the book's price (dollars). The line has a slope of 7. At a horizontal value of 13, the predicted vertical value is 7.	At what value of $x$ does the line of best fit cross the $x$-axis?	A) 14 | B) 84 | C) 7 | D) 12	4	slope=7. 점검: 지문의 명사와 수식·값이 짝이 맞는지, 질문이 묻는 대상이 정답 선지와 일치하는지
tvd.scatter_equation.inverse	hard	x_intercept_from_slope_point	A data analyst is summarizing results. A scatterplot shows the weight of a package (pounds) and the package's shipping cost (dollars), and a line of best fit is drawn. The line has a slope of 2. The line predicts a value of 20 when the horizontal value is 13.	What is the $x$-intercept of the line of best fit?	A) 6 | B) 3 | C) 20 | D) 5	2	slope=2. 점검: 지문의 명사와 수식·값이 짝이 맞는지, 질문이 묻는 대상이 정답 선지와 일치하는지
tvd.scatter_equation.repr_shift	hard	statement_to_prediction	A student is analyzing some data. For the speed of a car (miles per hour) and the car's stopping distance (feet), a line of best fit is used. Adding 10 miles per hour to the horizontal value lowers the prediction by 20. When the horizontal value is 0, the predicted value is 66.	According to the line, what is the prediction at a horizontal value of 10?	A) 86 | B) 46 | C) 66 | D) 20	2	horizontal value is 0|horizontal value of 0=66. 점검: 지문의 명사와 수식·값이 짝이 맞는지, 질문이 묻는 대상이 정답 선지와 일치하는지
tvd.scatter_equation.repr_shift	hard	statement_to_prediction	A line of best fit models the town's population (hundreds of residents) as a function of the number of years since a town was founded (years). Each year added to the horizontal value raises the prediction by 9. The predicted value at a horizontal value of 0 is 29.	What is the predicted value when the horizontal value is 20?	A) 209 | B) 218 | C) 29 | D) 180	1	horizontal value is 0|horizontal value of 0=29. 점검: 지문의 명사와 수식·값이 짝이 맞는지, 질문이 묻는 대상이 정답 선지와 일치하는지
tvd.scatter_equation.chain2	hard	two_points_then_predict	A data analyst is summarizing results. The line of best fit relating the outdoor temperature (degrees) to the number of cold drinks sold (drinks) contains the points (4, 45) and (9, 30).	What does the line of best fit predict at a horizontal value of 16?	A) 9 | B) 15 | C) 27 | D) 54	1	points=4. 점검: 지문의 명사와 수식·값이 짝이 맞는지, 질문이 묻는 대상이 정답 선지와 일치하는지
tvd.scatter_equation.chain2	hard	two_points_then_predict	A student is analyzing some data. A line of best fit for the weight of a package (pounds) and the package's shipping cost (dollars) passes through the points (1, 49) and (3, 53).	What does the line of best fit predict at a horizontal value of 5?	A) 10 | B) 49 | C) 57 | D) 55	3	points=1. 점검: 지문의 명사와 수식·값이 짝이 맞는지, 질문이 묻는 대상이 정답 선지와 일치하는지
tvd.scatter_equation.constraint_select	hard	integer_predictions_count	A teacher poses a statistics problem. A line of best fit for the number of hours a student studies (hours) and that student's exam score (points) is $y = \frac{7}{2}x + 9$. Only whole-number values of $x$ from 0 to 56, inclusive, are considered.	For how many of these values of $x$ is the predicted value of $y$ a whole number?	A) 57 | B) 30 | C) 28 | D) 29	4	(선지 서술형 — 지문 키워드→정답 규칙 일치). 점검: 지문의 명사와 수식·값이 짝이 맞는지, 질문이 묻는 대상이 정답 선지와 일치하는지
tvd.scatter_equation.constraint_select	hard	integer_predictions_count	Here is a question about a data set. The equation of a line of best fit relating the outdoor temperature (degrees) to the number of cold drinks sold (drinks) is $y = \frac{2}{3}x + 25$. Only whole-number values of $x$ from 0 to 50, inclusive, are considered.	How many of these values of $x$ give a whole-number prediction for $y$?	A) 17 | B) 16 | C) 18 | D) 51	1	(선지 서술형 — 지문 키워드→정답 규칙 일치). 점검: 지문의 명사와 수식·값이 짝이 맞는지, 질문이 묻는 대상이 정답 선지와 일치하는지
tvd.scatter_predict.chain2	hard	year_to_x_to_units	Consider the following data. A line of best fit models the number of members of a club (in hundreds of members) as $y = 9x + 14$, where $x$ is the number of years after Year 25 of a program.	Use the model to estimate the number of members in Year 29.	A) 50 | B) 5900 | C) 5000 | D) 500	3	year=25. 점검: 지문의 명사와 수식·값이 짝이 맞는지, 질문이 묻는 대상이 정답 선지와 일치하는지
tvd.scatter_predict.chain2	hard	year_to_x_to_units	Consider the following data. Using data from a program, researchers model the number of units a factory produced (in tens of units) by $y = 3x + 16$, where $x$ counts the years elapsed after Year 5.	Use the model to estimate the number of units in Year 21.	A) 790 | B) 670 | C) 640 | D) 64	3	year=5. 점검: 지문의 명사와 수식·값이 짝이 맞는지, 질문이 묻는 대상이 정답 선지와 일치하는지
tvd.scatter_predict.inverse	hard	target_year	A teacher poses a statistics problem. A line of best fit models the number of visitors to a park (hundreds of visitors) as $y = 10x + 9$, where $x$ is the number of years after Year 5 of a study.	In which year of the study does the model first predict a value of 259?	A) 25 | B) 30 | C) 31 | D) 1	2	year=5. 점검: 지문의 명사와 수식·값이 짝이 맞는지, 질문이 묻는 대상이 정답 선지와 일치하는지
tvd.scatter_predict.inverse	hard	target_year	Read the information below. The model $y = 7x + 44$ describes the number of visitors to a park (hundreds of visitors), where $x$ counts the years since Year 15 of a study.	In which year of the study does the model first predict a value of 149?	A) 36 | B) 15 | C) 1 | D) 30	4	year=15. 점검: 지문의 명사와 수식·값이 짝이 맞는지, 질문이 묻는 대상이 정답 선지와 일치하는지
tvd.scatter_predict.compare_scenarios	hard	equal_prediction_x	A data analyst is summarizing results. Model A and Model B both estimate the number of tickets sold (tickets) from the price of a ticket (dollars). Model A is $y = 10x + 23$ and Model B is $y = 9x + 31$.	For what value of $x$ do the two models give the same prediction?	A) 103 | B) 1 | C) 9 | D) 8	4	Model A=10x + 23. 점검: 지문의 명사와 수식·값이 짝이 맞는지, 질문이 묻는 대상이 정답 선지와 일치하는지
tvd.scatter_predict.compare_scenarios	hard	equal_prediction_value	A data analyst is summarizing results. Model A and Model B both estimate the company's monthly revenue (thousands of dollars) from the number of employees at a company (employees). The equation of Model A is $y = 12x + 18$; the equation of Model B is $y = 9x + 75$.	What is the common predicted value when the two models agree?	A) 251 | B) 246 | C) 19 | D) 189	2	Model A=12x + 18. 점검: 지문의 명사와 수식·값이 짝이 맞는지, 질문이 묻는 대상이 정답 선지와 일치하는지
tvd.scatter_predict.repr_shift	hard	residual_from_observation	A line of best fit for the age of a tree (years) and that tree's height (feet) is $y = 3x + 67$. One observation has a horizontal value of 16 and an actual vertical value of 107.	The residual is the actual value minus the predicted value. What is the residual for this observation?	A) 8 | B) -8 | C) 115 | D) 107	2	horizontal value=16. 점검: 지문의 명사와 수식·값이 짝이 맞는지, 질문이 묻는 대상이 정답 선지와 일치하는지
tvd.scatter_predict.repr_shift	hard	residual_from_observation	A teacher poses a statistics problem. The line of best fit relating the number of workers on a shift (workers) to the number of items packed (items) is $y = 2x + 64$. A data point is observed at a horizontal value of 10, where the actual vertical value is 74.	The residual is the actual value minus the predicted value. What is the residual for this observation?	A) 74 | B) 84 | C) -10 | D) 10	3	horizontal value=10. 점검: 지문의 명사와 수식·값이 짝이 맞는지, 질문이 묻는 대상이 정답 선지와 일치하는지
tvd.scatter_slope_context.unit_ratio	hard	slope_unit_conversion	Consider the following data. The equation $y = 7x + 45$ models the number of visitors to a website, where $x$ is measured in minutes.	What change in the predicted value does the model give for 2 hours?	A) 420 | B) 7 | C) 840 | D) 14	3	(선지 서술형 — 지문 키워드→정답 규칙 일치). 점검: 지문의 명사와 수식·값이 짝이 맞는지, 질문이 묻는 대상이 정답 선지와 일치하는지
tvd.scatter_slope_context.unit_ratio	hard	slope_unit_conversion	A teacher poses a statistics problem. The equation $y = 5x + 41$ models the height of a plant (in millimeters), where $x$ is measured in minutes.	According to the model, by how much is the predicted value expected to increase over 3 hours?	A) 15 | B) 5 | C) 900 | D) 300	3	(선지 서술형 — 지문 키워드→정답 규칙 일치). 점검: 지문의 명사와 수식·값이 짝이 맞는지, 질문이 묻는 대상이 정답 선지와 일치하는지
tvd.scatter_slope_context.repr_shift	hard	slope_from_two_predictions	A teacher poses a statistics problem. For the number of pages in a book (pages) and the book's price (dollars), a line of best fit is drawn. The line predicts 98 at a horizontal value of 8 and 134 at a horizontal value of 14.	By how much does the predicted value change for each 1-unit increase in the horizontal value?	A) 36 | B) 6 | C) 7 | D) 216	2	predict=98. 점검: 지문의 명사와 수식·값이 짝이 맞는지, 질문이 묻는 대상이 정답 선지와 일치하는지
tvd.scatter_slope_context.repr_shift	hard	slope_from_two_predictions	A data analyst is summarizing results. For the number of workers on a shift (workers) and the number of items packed (items), a line of best fit is drawn. At 6 the predicted value is 88, and at 14 the predicted value is 168.	By how much does the predicted value change for each 1-unit increase in the horizontal value?	A) 640 | B) 80 | C) 11 | D) 10	4	predict=88. 점검: 지문의 명사와 수식·값이 짝이 맞는지, 질문이 묻는 대상이 정답 선지와 일치하는지
tvd.scatter_slope_context.compare_scenarios	hard	compare_predicted_changes	A data analyst is summarizing results. Region 1 has the line of best fit $y = 2x + 16$ for the speed of a car (miles per hour) and the car's stopping distance (feet). The line of best fit for Region 2 is $y = 10x + 65$.	For an increase of 8 in the horizontal value, what is the difference between the two predicted changes?	A) 113 | B) 8 | C) 64 | D) 49	3	Region 1=2x + 16; Region 2=10x + 65. 점검: 지문의 명사와 수식·값이 짝이 맞는지, 질문이 묻는 대상이 정답 선지와 일치하는지
tvd.scatter_slope_context.compare_scenarios	hard	compare_predicted_changes	A teacher poses a statistics problem. For the outdoor temperature (degrees) and the number of cold drinks sold (drinks), the line of best fit for Group A is $y = 2x + 21$. For Group B, the line of best fit is $y = 3x + 70$.	For an increase of 12 in the horizontal value, what is the difference between the two predicted changes?	A) 12 | B) 1 | C) 61 | D) 49	1	Group A=2x + 21; Group B=3x + 70. 점검: 지문의 명사와 수식·값이 짝이 맞는지, 질문이 묻는 대상이 정답 선지와 일치하는지
tvd.scatter_slope_context.inverse	hard	slope_from_change_then_predict	Here is a question about a data set. For the number of years since a town was founded (years) and the town's population (hundreds of residents), a line of best fit is used. For every 4 units added to the horizontal value, the prediction rises by 40. At a horizontal value of 4, the predicted value is 21.	What is the predicted value at a horizontal value of 11?	A) 61 | B) 301 | C) 91 | D) 131	3	predicted|prediction=40. 점검: 지문의 명사와 수식·값이 짝이 맞는지, 질문이 묻는 대상이 정답 선지와 일치하는지
tvd.scatter_slope_context.inverse	hard	slope_from_change_then_predict	Consider the following data. For the number of hours a student studies (hours) and that student's exam score (points), a line of best fit is used. Each time the horizontal value increases by 10, the predicted value increases by 90. At a horizontal value of 5, the predicted value is 104.	What is the predicted value at a horizontal value of 11?	A) 158 | B) 194 | C) 203 | D) 644	1	predicted|prediction=90. 점검: 지문의 명사와 수식·값이 짝이 맞는지, 질문이 묻는 대상이 정답 선지와 일치하는지
tvd.scatter_count_above.constraint_select	hard	above_line_in_range	A data analyst is summarizing results. The data points for the number of pages in a book (pages) and the book's price (dollars) are (1, 15), (2, 26), (3, 30), (4, 47), (5, 53), (6, 57), (7, 69), (8, 79). The line of best fit is given by $y = 7x + 17$.	Among the points whose $x$-coordinate is at least 6, how many lie above the line of best fit?	A) 2 | B) 4 | C) 1 | D) 3	1	line of best fit=7x + 17. 점검: 지문의 명사와 수식·값이 짝이 맞는지, 질문이 묻는 대상이 정답 선지와 일치하는지
tvd.scatter_count_above.constraint_select	hard	above_line_in_range	Here is a question about a data set. A scatterplot of the number of pages in a book (pages) and the book's price (dollars) has the data points (1, 39), (2, 38), (3, 42), (4, 55), (5, 61), (6, 66), (7, 69), (8, 86), (9, 93). A line of best fit is $y = 7x + 29$.	How many data points with $x \ge 3$ are above the line?	A) 5 | B) 2 | C) 3 | D) 7	2	line of best fit=7x + 29. 점검: 지문의 명사와 수식·값이 짝이 맞는지, 질문이 묻는 대상이 정답 선지와 일치하는지
tvd.scatter_count_above.repr_shift	hard	on_or_above_line	A teacher poses a statistics problem. A table lists horizontal value: vertical value for the number of workers on a shift (workers) and the number of items packed (items) — 1: 19; 2: 18; 3: 23; 4: 32; 5: 37; 6: 40; 7: 51; 8: 54; 9: 65. The line of best fit has the equation $y = 6x + 7$.	How many data points lie on or above the line of best fit?	A) 6 | B) 5 | C) 1 | D) 4	2	line of best fit=6x + 7. 점검: 지문의 명사와 수식·값이 짝이 맞는지, 질문이 묻는 대상이 정답 선지와 일치하는지
tvd.scatter_count_above.repr_shift	hard	on_or_above_line	A teacher poses a statistics problem. The data for the number of years since a town was founded (years) and the town's population (hundreds of residents) are listed as horizontal value: vertical value — 1: 28; 2: 27; 3: 33; 4: 39; 5: 37; 6: 40; 7: 37. A line of best fit is $y = 2x + 26$.	How many data points lie on or above the line of best fit?	A) 5 | B) 4 | C) 3 | D) 2	1	line of best fit=2x + 26. 점검: 지문의 명사와 수식·값이 짝이 맞는지, 질문이 묻는 대상이 정답 선지와 일치하는지
tvd.scatter_count_above.compare_scenarios	hard	between_two_lines	Here is a question about a data set. A scatterplot of the outdoor temperature (degrees) and the number of cold drinks sold (drinks) has the points (1, 29), (2, 54), (3, 42), (4, 56), (5, 74), (6, 54), (7, 87), (8, 85), (9, 71), (10, 101). Line L is $y = 5x + 30$ and line M is $y = 5x + 47$.	How many points are between the two lines (above L and below M)?	A) 3 | B) 6 | C) 7 | D) 4	1	line L=5x + 30. 점검: 지문의 명사와 수식·값이 짝이 맞는지, 질문이 묻는 대상이 정답 선지와 일치하는지
tvd.scatter_count_above.compare_scenarios	hard	between_two_lines	Here is a question about a data set. The data points for the price of a ticket (dollars) and the number of tickets sold (tickets) are (1, 33), (2, 47), (3, 33), (4, 37), (5, 36), (6, 39), (7, 59), (8, 40), (9, 48). Two lines are drawn: line L, $y = 2x + 28$, and line M, $y = 2x + 37$.	How many data points lie above line L and below line M?	A) 7 | B) 5 | C) 3 | D) 6	3	line L=2x + 28. 점검: 지문의 명사와 수식·값이 짝이 맞는지, 질문이 묻는 대상이 정답 선지와 일치하는지
tvd.scatter_count_above.compose_kind	hard	residual_threshold_count	Here is a question about a data set. The data points for the number of employees at a company (employees) and the company's monthly revenue (thousands of dollars) are (1, 14), (2, 21), (3, 46), (4, 43), (5, 42), (6, 50), (7, 68), (8, 68), (9, 88). The line of best fit is given by $y = 7x + 13$. A point's residual is the actual value minus the predicted value.	How many points have a residual greater than 3?	A) 3 | B) 4 | C) 2 | D) 7	1	line of best fit=7x + 13. 점검: 지문의 명사와 수식·값이 짝이 맞는지, 질문이 묻는 대상이 정답 선지와 일치하는지
tvd.scatter_count_above.compose_kind	hard	residual_threshold_count	Consider the following data. A scatterplot of the number of hours of sunlight a plant receives each day (hours) and the plant's daily growth (millimeters) has the points (1, 26), (2, 42), (3, 38), (4, 36), (5, 41), (6, 38), (7, 45), (8, 51). A line of best fit is $y = 2x + 27$. A point's residual is the actual value minus the predicted value.	For how many points is the residual more than 2?	A) 4 | B) 1 | C) 5 | D) 6	3	line of best fit=2x + 27. 점검: 지문의 명사와 수식·값이 짝이 맞는지, 질문이 묻는 대상이 정답 선지와 일치하는지
tvd.cell.easy_read_cell	easy	cell_from_row_total	Here is a question about a data set. There are 100 online customers in a survey. 26 of them bought a warranty.	What is the number of online customers who did not buy a warranty?	A) 126 | B) 74 | C) 100 | D) 26	2	online customers=100. 점검: 지문의 명사와 수식·값이 짝이 맞는지, 질문이 묻는 대상이 정답 선지와 일치하는지
tvd.cell.easy_read_cell	easy	cell_from_row_total	Read the information below. There are 49 online customers in a survey. Of these, 33 bought a warranty.	What is the number of online customers who did not buy a warranty?	A) 33 | B) 49 | C) 16 | D) 82	3	online customers=49. 점검: 지문의 명사와 수식·값이 짝이 맞는지, 질문이 묻는 대상이 정답 선지와 일치하는지
tvd.row_total.easy_row_total	easy	row_total_of_two_cells	Consider the following data. 13 full-time employees enrolled in the wellness program. 83 of the full-time employees did not enroll.	Find the total number of full-time employees.	A) 83 | B) 70 | C) 13 | D) 96	4	full-time employees=13. 점검: 지문의 명사와 수식·값이 짝이 맞는지, 질문이 묻는 대상이 정답 선지와 일치하는지
tvd.row_total.easy_row_total	easy	row_total_of_two_cells	A teacher poses a statistics problem. Among the full-time employees, 14 enrolled in the wellness program. Another 90 of the full-time employees did not enroll.	How many full-time employees are there in all?	A) 90 | B) 104 | C) 14 | D) 76	2	full-time employees=14. 점검: 지문의 명사와 수식·값이 짝이 맞는지, 질문이 묻는 대상이 정답 선지와 일치하는지
tvd.conditional_share.med_share	medium	share_in_row	A survey of 40 city commuters found that 4 take the train while 36 drive to work.	What percent of these city commuters take the train?	A) 9% | B) 90% | C) 10% | D) 4%	3	city commuters=40. 점검: 지문의 명사와 수식·값이 짝이 맞는지, 질문이 묻는 대상이 정답 선지와 일치하는지
tvd.conditional_share.med_share	medium	share_in_row	A data analyst is summarizing results. Of the 60 urban residents surveyed, 24 support the measure and 36 oppose the measure.	Of the urban residents surveyed, what percent support the measure?	A) 29% | B) 40% | C) 24% | D) 60%	2	urban residents=60. 점검: 지문의 명사와 수식·값이 짝이 맞는지, 질문이 묻는 대상이 정답 선지와 일치하는지
tvd.scatter_predict.med_evaluate	medium	evaluate_line	Consider the following data. Researchers model that student's exam score (points) from the number of hours a student studies (hours) with the line $y = 11x + 117$.	What does the line predict when the horizontal value is 11?	A) 121 | B) 139 | C) 238 | D) 249	3	is y =|equation y =|line y ==11x + 117. 점검: 지문의 명사와 수식·값이 짝이 맞는지, 질문이 묻는 대상이 정답 선지와 일치하는지
tvd.scatter_predict.med_evaluate	medium	evaluate_line	The equation $y = 10x + 58$ is a line of best fit that relates the outdoor temperature (degrees) to the number of cold drinks sold (drinks).	What is the predicted value of $y$ when $x = 15$?	A) 208 | B) 218 | C) 83 | D) 150	1	is y =|equation y =|line y ==10x + 58. 점검: 지문의 명사와 수식·값이 짝이 맞는지, 질문이 묻는 대상이 정답 선지와 일치하는지
tvd.scatter_slope_context.med_interpret	medium	slope_times_change	A line of best fit for the number of years since a town was founded (years) and the town's population (hundreds of residents) is $y = 5x + 46$.	According to the line, how much does the predicted value change when the horizontal value increases by 9?	A) 45 | B) 14 | C) 5 | D) 414	1	is y =|equation y =|line y ==5x + 46. 점검: 지문의 명사와 수식·값이 짝이 맞는지, 질문이 묻는 대상이 정답 선지와 일치하는지
tvd.scatter_slope_context.med_interpret	medium	slope_times_change	Here is a question about a data set. A line of best fit for the number of years since a town was founded (years) and the town's population (hundreds of residents) is $y = 10x + 97$.	What is the predicted increase in $y$ when $x$ increases by 6?	A) 582 | B) 60 | C) 16 | D) 10	2	is y =|equation y =|line y ==10x + 97. 점검: 지문의 명사와 수식·값이 짝이 맞는지, 질문이 묻는 대상이 정답 선지와 일치하는지
ime.population_estimate.unit_ratio	hard	dozen_to_count	A data analyst is summarizing results. One order consists of 65 dozen eggs. A random sample of 30 eggs is checked, and 8 of them are cracked.	What is the best estimate of the number of cracked eggs in the entire shipment?	A) 17 | B) 149 | C) 96 | D) 208	4	shipment|order=65; random sample|randomly selects=30. 점검: 지문의 명사와 수식·값이 짝이 맞는지, 질문이 묻는 대상이 정답 선지와 일치하는지
ime.population_estimate.unit_ratio	hard	dozen_to_count	Consider the following data. A shipment contains 36 dozen tiles. An inspector randomly selects 40 of the tiles and finds that 10 are chipped.	What is the best estimate of the number of chipped tiles in the entire shipment?	A) 83 | B) 9 | C) 108 | D) 120	3	shipment|order=36; random sample|randomly selects=40. 점검: 지문의 명사와 수식·값이 짝이 맞는지, 질문이 묻는 대상이 정답 선지와 일치하는지
ime.population_estimate.inverse	hard	estimate_to_population	Read the information below. A random sample of 50 residents was surveyed, and 24 of them own a bicycle. The sample is used to estimate that 360 of all the residents own a bicycle.	How many residents are in the whole group?	A) 360 | B) 750 | C) 173 | D) 410	2	random sample|randomly selected=50. 점검: 지문의 명사와 수식·값이 짝이 맞는지, 질문이 묻는 대상이 정답 선지와 일치하는지
ime.population_estimate.inverse	hard	estimate_to_population	A teacher poses a statistics problem. In a random sample of 100 residents, 15 own a bicycle. Based on this sample, it is estimated that 135 residents in the whole group own a bicycle.	What is the total number of residents in the group being estimated?	A) 900 | B) 20 | C) 135 | D) 235	1	random sample|randomly selected=100. 점검: 지문의 명사와 수식·값이 짝이 맞는지, 질문이 묻는 대상이 정답 선지와 일치하는지
ime.population_estimate.chain2	hard	two_stage_estimate	Read the information below. From a group of 800 visitors, a random sample of 250 was surveyed. In the sample, 100 would return next year. Among those visitors who would return next year, 40% would recommend it.	Based on the sample, about how many visitors in the whole group would return next year and would also recommend it?	A) 320 | B) 40 | C) 224 | D) 128	4	sample=250. 점검: 지문의 명사와 수식·값이 짝이 맞는지, 질문이 묻는 대상이 정답 선지와 일치하는지
ime.population_estimate.chain2	hard	two_stage_estimate	Consider the following data. From a group of 900 commuters, a random sample of 250 was surveyed. 150 of the sampled commuters use public transit. Of those who use public transit, 60% also said they would recommend it to a friend.	Based on the sample, about how many commuters in the whole group use public transit and would also recommend it?	A) 324 | B) 540 | C) 90 | D) 432	1	sample=250. 점검: 지문의 명사와 수식·값이 짝이 맞는지, 질문이 묻는 대상이 정답 선지와 일치하는지
ime.population_estimate.compare_scenarios	hard	two_places_estimate	A data analyst is summarizing results. Branch North has 600 visitors; in a random sample of 100 of them, 40 would return next year. Branch South has 300 visitors; in a random sample of 200 of them, 100 would return next year.	By how many does the estimated number of visitors who would return differ between Branch North and Branch South?	A) 60 | B) 390 | C) 90 | D) 300	3	Branch North=600; Branch South=300. 점검: 지문의 명사와 수식·값이 짝이 맞는지, 질문이 묻는 대상이 정답 선지와 일치하는지
ime.population_estimate.compare_scenarios	hard	two_places_estimate	Consider the following data. District 1 has 800 voters; in a random sample of 200 of them, 40 favor the ballot measure. District 2 has 600 voters; in a random sample of 100 of them, 60 favor the ballot measure.	Based on the samples, what is the positive difference between the estimated numbers of voters who favor the measure in the two places?	A) 520 | B) 20 | C) 200 | D) 40	3	District 1=800; District 2=600. 점검: 지문의 명사와 수식·값이 짝이 맞는지, 질문이 묻는 대상이 정답 선지와 일치하는지
ime.margin_interval.inverse	hard	interval_to_margin	A teacher poses a statistics problem. A random-sample poll gives a plausible range of 33% to 37% for the percent of teachers who use the new software. The interval is the sample percent plus or minus the margin of error.	What margin of error does the poll report, in percentage points?	A) 35% | B) 1% | C) 4% | D) 2%	4	plausibly|plausible range=33. 점검: 지문의 명사와 수식·값이 짝이 맞는지, 질문이 묻는 대상이 정답 선지와 일치하는지
ime.margin_interval.inverse	hard	interval_to_center	A teacher poses a statistics problem. A poll of randomly selected households reports that, based on the sample percent and its margin of error, the percent of all households who recycle every week is plausibly between 59% and 77%. The interval is the sample percent plus or minus the margin of error.	What percent of the sample recycle every week?	A) 77% | B) 68% | C) 9% | D) 59%	2	plausibly|plausible range=59. 점검: 지문의 명사와 수식·값이 짝이 맞는지, 질문이 묻는 대상이 정답 선지와 일치하는지
ime.margin_interval.constraint_select	hard	interval_multiples	The sample percent of patients who are satisfied with the clinic is 69%, and the poll's margin of error is 9 percentage points. Only whole-number percents are considered. A value is plausible if it lies within the margin of error of the sample percent.	How many whole-number percents are plausible values for the percent of all patients who are satisfied with the clinic?	A) 20 | B) 18 | C) 21 | D) 19	4	margin of error=9. 점검: 지문의 명사와 수식·값이 짝이 맞는지, 질문이 묻는 대상이 정답 선지와 일치하는지
ime.margin_interval.constraint_select	hard	interval_with_claim	A teacher poses a statistics problem. In a random sample of members, 29% attend the monthly meeting, and the margin of error is 8 percentage points. A claim says that more than 30% of all the members attend the monthly meeting. Consider only whole-number percents.	How many whole-number percents are both plausible (within the margin of error) and greater than 30%?	A) 6 | B) 7 | C) 17 | D) 8	2	margin of error=8. 점검: 지문의 명사와 수식·값이 짝이 맞는지, 질문이 묻는 대상이 정답 선지와 일치하는지
ime.margin_interval.compare_scenarios	hard	two_polls_overlap	Read the information below. Survey 1 found that 52% of a random sample of members attend the monthly meeting, with a margin of error of 8 percentage points. In Survey 2, 47% of another random sample attend the monthly meeting; its margin of error is 3 percentage points.	For how many whole-number percents do the two polls' plausible ranges agree?	A) 17 | B) 7 | C) 6 | D) 8	2	Survey 1=52; Survey 2=47. 점검: 지문의 명사와 수식·값이 짝이 맞는지, 질문이 묻는 대상이 정답 선지와 일치하는지
ime.margin_interval.compare_scenarios	hard	two_polls_overlap	A student is analyzing some data. In Pollster X, 43% of the randomly sampled teachers use the new software, and the margin of error is 7 percentage points. Pollster Y found that 52% of a different random sample use the new software, with a margin of error of 8 percentage points.	For how many whole-number percents do the two polls' plausible ranges agree?	A) 7 | B) 15 | C) 8 | D) 6	1	Pollster X=43; Pollster Y=52. 점검: 지문의 명사와 수식·값이 짝이 맞는지, 질문이 묻는 대상이 정답 선지와 일치하는지
ime.margin_interval.repr_shift	hard	interval_lower_count	Consider the following data. There are 600 voters in the whole group. A random sample shows 55% of voters who favor the ballot measure, with a margin of error of 3 percentage points.	What is the lowest number of voters in the whole group who favor the measure that the poll considers plausible?	A) 52 | B) 312 | C) 348 | D) 330	2	random sample=55. 점검: 지문의 명사와 수식·값이 짝이 맞는지, 질문이 묻는 대상이 정답 선지와 일치하는지
ime.margin_interval.repr_shift	hard	interval_lower_count	There are 200 students in the whole group. In a random sample, 55% ride the bus to school, and the margin of error is 4 percentage points.	What is the lowest number of students in the whole group who ride the bus that the poll considers plausible?	A) 51 | B) 110 | C) 102 | D) 118	3	random sample=55. 점검: 지문의 명사와 수식·값이 짝이 맞는지, 질문이 묻는 대상이 정답 선지와 일치하는지
ime.sample_size_effect.param_condition	hard	min_sample_for_margin	A teacher poses a statistics problem. A news organization reports on a set of surveys. A poll of 400 randomly selected commuters has a margin of error of 6 percentage points. Suppose the margin of error varies inversely as the square root of the number of people sampled. The new poll's margin of error must be 4 percentage points or less.	What is the least sample size that guarantees this margin of error?	A) 600 | B) 1350 | C) 900 | D) 1300	3	margin of error=6; sample|poll of=400. 점검: 지문의 명사와 수식·값이 짝이 맞는지, 질문이 묻는 대상이 정답 선지와 일치하는지
ime.sample_size_effect.param_condition	hard	min_sample_for_margin	A teacher poses a statistics problem. A news organization reports on a set of surveys. With a random sample of 150 students, a poll's margin of error is 6 percentage points. The margin of error is inversely proportional to the square root of the sample size. A new poll must have a margin of error of at most 4 percentage points.	What is the smallest whole-number sample size that achieves a margin of error of at most 4 percentage points?	A) 337 | B) 225 | C) 506 | D) 338	4	margin of error=6; sample|poll of=150. 점검: 지문의 명사와 수식·값이 짝이 맞는지, 질문이 묻는 대상이 정답 선지와 일치하는지
ime.sample_size_effect.compare_scenarios	hard	smaller_sample_larger_margin	Consider the following data. A polling firm is planning a set of surveys. In Poll A, 800 teachers were randomly sampled, and the margin of error was 8 percentage points. Poll B used a random sample of 50 teachers. Assume that the margin of error is inversely proportional to the square root of the sample size.	What is the margin of error of Poll B, in percentage points?	A) 2 | B) 3 | C) 32 | D) 8	1	Poll A=800. 점검: 지문의 명사와 수식·값이 짝이 맞는지, 질문이 묻는 대상이 정답 선지와 일치하는지
ime.sample_size_effect.compare_scenarios	hard	bigger_sample_smaller_margin	Read the information below. A polling firm is planning a set of surveys. In Poll A, 50 employees were randomly sampled, and the margin of error was 6 percentage points. Poll B used a random sample of 200 employees. Suppose the margin of error varies inversely as the square root of the number of people sampled.	According to this relationship, what margin of error does Poll B have, in percentage points?	A) 3 | B) 6 | C) 4 | D) 12	1	Poll A=50. 점검: 지문의 명사와 수식·값이 짝이 맞는지, 질문이 묻는 대상이 정답 선지와 일치하는지
ime.sample_size_effect.inverse	hard	margin_to_sample_size	Consider the following data. A news organization reports on a set of surveys. In Poll A, 150 employees were randomly sampled, giving a margin of error of 6 percentage points. Poll B had a margin of error of 3 percentage points. The margin of error is inversely proportional to the square root of the sample size.	What was the sample size of Poll B?	A) 300 | B) 650 | C) 750 | D) 600	4	Poll A=150. 점검: 지문의 명사와 수식·값이 짝이 맞는지, 질문이 묻는 대상이 정답 선지와 일치하는지
ime.sample_size_effect.inverse	hard	margin_to_sample_size	Here is a question about a data set. A city office is reviewing the results of some polls. Poll A used a random sample of 200 teachers and had a margin of error of 6 percentage points. Poll B had a margin of error of 3 percentage points. The margin of error is inversely proportional to the square root of the sample size.	What was the sample size of Poll B?	A) 800 | B) 1000 | C) 50 | D) 400	1	Poll A=200. 점검: 지문의 명사와 수식·값이 짝이 맞는지, 질문이 묻는 대상이 정답 선지와 일치하는지
ime.sample_size_effect.chain2	hard	additional_respondents	A news organization reports on a set of surveys. A poll of 100 randomly selected teachers has a margin of error of 10 percentage points. Suppose the margin of error varies inversely as the square root of the number of people sampled. The goal is to reduce the margin of error to 5 percentage points.	How many more teachers must be surveyed in addition to the original 100?	A) 300 | B) 100 | C) 200 | D) 400	1	margin of error=10. 점검: 지문의 명사와 수식·값이 짝이 맞는지, 질문이 묻는 대상이 정답 선지와 일치하는지
ime.sample_size_effect.chain2	hard	additional_respondents	A student is analyzing some data. A research group compares several opinion polls. A poll of 100 randomly selected voters has a margin of error of 8 percentage points. Assume the margin of error varies inversely with the square root of the sample size. The pollsters want a margin of error of exactly 4 percentage points.	How many more voters must be surveyed in addition to the original 100?	A) 400 | B) 100 | C) 200 | D) 300	4	margin of error=8. 점검: 지문의 명사와 수식·값이 짝이 맞는지, 질문이 묻는 대상이 정답 선지와 일치하는지
ime.population_estimate.easy_estimate	easy	sample_to_group	A random sample of 20 visitors was taken, and 4 of them would return next year. The entire group contains 400 visitors.	What is the best estimate of the number of visitors in the whole group who would return?	A) 4 | B) 80 | C) 2000 | D) 320	2	random sample|randomly selected=20. 점검: 지문의 명사와 수식·값이 짝이 맞는지, 질문이 묻는 대상이 정답 선지와 일치하는지
ime.population_estimate.easy_estimate	easy	sample_to_group	Of 40 randomly selected households, 24 recycle every week. The whole group has 500 households.	What is the best estimate of the number of households in the whole group who recycle weekly?	A) 24 | B) 300 | C) 200 | D) 833	2	random sample|randomly selected=40. 점검: 지문의 명사와 수식·값이 짝이 맞는지, 질문이 묻는 대상이 정답 선지와 일치하는지
ime.margin_interval.easy_interval	easy	lower_end	A poll reports that 38% of the sampled commuters use public transit, plus or minus 6 percentage points.	What is the least plausible percent of all commuters who use public transit?	A) 32% | B) 6% | C) 38% | D) 44%	1	margin of error|plus or minus=6. 점검: 지문의 명사와 수식·값이 짝이 맞는지, 질문이 묻는 대상이 정답 선지와 일치하는지
ime.margin_interval.easy_interval	easy	upper_end	A poll reports that 56% of the sampled visitors would return next year, plus or minus 4 percentage points.	According to the poll, what is the largest plausible value for the true percent?	A) 52% | B) 4% | C) 56% | D) 60%	4	margin of error|plus or minus=4. 점검: 지문의 명사와 수식·값이 짝이 맞는지, 질문이 묻는 대상이 정답 선지와 일치하는지
ime.population_estimate.med_percent_population	medium	percent_to_complement	Consider the following data. In a random sample of 200 employees, 10% work remotely at least one day a week. There are 500 employees in the whole group.	About how many employees in the whole group do NOT work remotely weekly?	A) 450 | B) 20 | C) 5000 | D) 50	1	sample=200. 점검: 지문의 명사와 수식·값이 짝이 맞는지, 질문이 묻는 대상이 정답 선지와 일치하는지
ime.population_estimate.med_percent_population	medium	percent_to_count	Read the information below. A random sample of 50 visitors shows that 10% of them would return next year. There are 600 visitors in the whole group.	About how many visitors in the whole group would return next year?	A) 5 | B) 60 | C) 6000 | D) 540	2	sample=50. 점검: 지문의 명사와 수식·값이 짝이 맞는지, 질문이 묻는 대상이 정답 선지와 일치하는지
ime.margin_interval.med_interval_margin	medium	margin_from_interval	A teacher poses a statistics problem. A random-sample poll estimates that the percent of residents who own a bicycle is between 49% and 59%. This range is the sample percent plus or minus the margin of error.	What is the margin of error, in percentage points?	A) 54% | B) 5% | C) 59% | D) 10%	2	between|from|range of=49. 점검: 지문의 명사와 수식·값이 짝이 맞는지, 질문이 묻는 대상이 정답 선지와 일치하는지
ime.margin_interval.med_interval_margin	medium	margin_from_interval	A student is analyzing some data. A poll of randomly selected patients reports a plausible range of 35% to 47% for the percent who are satisfied with the clinic. This range is the sample percent plus or minus the margin of error.	What margin of error does this poll have, in percentage points?	A) 6% | B) 41% | C) 12% | D) 47%	1	between|from|range of=35. 점검: 지문의 명사와 수식·값이 짝이 맞는지, 질문이 묻는 대상이 정답 선지와 일치하는지
ime.sample_size_effect.med_quadruple	medium	bigger_sample_margin	A teacher poses a statistics problem. An analyst studies how precise a poll is. A poll of 50 randomly selected households has a margin of error of 8 percentage points. Suppose the margin of error varies inversely as the square root of the number of people sampled. A new poll uses a random sample of 200 households.	What is the margin of error of the new poll, in percentage points?	A) 16% | B) 8% | C) 2% | D) 4%	4	margin of error=8. 점검: 지문의 명사와 수식·값이 짝이 맞는지, 질문이 묻는 대상이 정답 선지와 일치하는지
ime.sample_size_effect.med_quadruple	medium	bigger_sample_margin	A data analyst is summarizing results. An analyst studies how precise a poll is. A poll of 25 randomly selected voters has a margin of error of 8 percentage points. Suppose the margin of error varies inversely as the square root of the number of people sampled. A new poll uses a random sample of 100 voters.	What margin of error does the new poll have, in percentage points?	A) 4% | B) 16% | C) 8% | D) 2%	1	margin of error=8. 점검: 지문의 명사와 수식·값이 짝이 맞는지, 질문이 묻는 대상이 정답 선지와 일치하는지
esc.generalizability.constraint_select	hard	frame_restricted	Consider the following data. A survey about daily minutes spent walking was designed for all residents of a city. The organizers obtained a list of residents living in one apartment complex and surveyed 272 residents picked at random from that list.	Which of the following is the most appropriate conclusion about generalizing the result?	A) The result can be generalized to all residents of a city. | B) No conclusion beyond the sample is possible, because the sample was drawn from a list. | C) The result can be generalized to all residents living in one apartment complex, but not necessarily to all residents of a city. | D) The result applies only to the 272 residents who were surveyed.	3	residents=272. 점검: 지문의 명사와 수식·값이 짝이 맞는지, 질문이 묻는 대상이 정답 선지와 일치하는지
esc.generalizability.constraint_select	hard	frame_restricted	A survey about daily minutes spent walking was designed for all residents of a city. The organizers obtained a list of residents living in one apartment complex and surveyed 136 residents picked at random from that list.	Which statement best describes how far the result can be generalized?	A) No conclusion beyond the sample is possible, because the sample was drawn from a list. | B) The result applies only to the 136 residents who were surveyed. | C) The result can be generalized to all residents living in one apartment complex, but not necessarily to all residents of a city. | D) The result can be generalized to all residents of a city.	3	residents=136. 점검: 지문의 명사와 수식·값이 짝이 맞는지, 질문이 묻는 대상이 정답 선지와 일치하는지
esc.generalizability.repr_shift	hard	random_small_sample	A researcher wanted to estimate race finishing times for all runners in a regional league. Using a lottery on the full membership list, the team picked a sample of 11 runners at random.	Which statement correctly says whether, and why, the result can be generalized to all runners in a regional league?	A) The result can be generalized to all runners in a regional league because the sample is large. | B) The result can be generalized to all runners in a regional league because the sample was selected at random. | C) The result cannot be generalized to all runners in a regional league because the sample is small. | D) The result cannot be generalized to all runners in a regional league because the sample was not selected at random.	2	runners=11. 점검: 지문의 명사와 수식·값이 짝이 맞는지, 질문이 묻는 대상이 정답 선지와 일치하는지
esc.generalizability.repr_shift	hard	random_large_sample	A researcher wanted to estimate how much customers spend per visit for all customers of a grocery chain. Using a lottery on the full membership list, the team picked a sample of 438 customers at random.	Which statement correctly says whether, and why, the result can be generalized to all customers of a grocery chain?	A) The result cannot be generalized to all customers of a grocery chain because the sample is small. | B) The result can be generalized to all customers of a grocery chain because the sample is large. | C) The result cannot be generalized to all customers of a grocery chain because the sample was not selected at random. | D) The result can be generalized to all customers of a grocery chain because the sample was selected at random.	4	customers=438. 점검: 지문의 명사와 수식·값이 짝이 맞는지, 질문이 묻는 대상이 정답 선지와 일치하는지
esc.generalizability.compare_scenarios	hard	random_small_vs_volunteer_large	Consider the following data. Two studies tried to estimate race finishing times for all runners in a regional league. In Study A, 42 runners were chosen at random from a complete list of all runners in a regional league. Study B surveyed 579 runners who volunteered after seeing an online post.	Which study's result can more reasonably be generalized to all runners in a regional league?	A) Both studies equally, because each surveyed at least 42 runners. | B) Neither study, because no sample can represent all runners in a regional league. | C) Study B, because its sample is larger. | D) Study A, because its sample was selected at random.	4	Study A=42. 점검: 지문의 명사와 수식·값이 짝이 맞는지, 질문이 묻는 대상이 정답 선지와 일치하는지
esc.generalizability.compare_scenarios	hard	random_small_vs_volunteer_large	A teacher poses a statistics problem. Two studies tried to estimate the number of traffic tickets per driver for all licensed drivers in a state. In Study A, 818 drivers responded to a flyer and volunteered to be surveyed. Study B surveyed a random sample of 38 drivers chosen from a complete list of all licensed drivers in a state.	Which study's result can more reasonably be generalized to all licensed drivers in a state?	A) Both studies equally, because each surveyed at least 38 drivers. | B) Study A, because its sample is larger. | C) Neither study, because no sample can represent all licensed drivers in a state. | D) Study B, because its sample was selected at random.	4	Study B=38. 점검: 지문의 명사와 수식·값이 짝이 맞는지, 질문이 묻는 대상이 정답 선지와 일치하는지
esc.cause_vs_association.repr_shift	hard	random_assignment_causal	A data analyst is summarizing results. In a study of 68 drivers, researchers compared the number of tickets of those who used an online safety video with those who did not. Each participant was randomly assigned, using a coin flip, either to use an online safety video or not to use it. The group that used an online safety video had a better average number of tickets.	Which statement correctly says what can be concluded about an online safety video, and why?	A) Only an association can be concluded because the study had only 68 participants. | B) A cause-and-effect relationship can be concluded because participants were randomly assigned to the groups. | C) Only an association can be concluded because participants were not randomly assigned to the groups. | D) No relationship of any kind can be concluded from a single study.	2	drivers=68. 점검: 지문의 명사와 수식·값이 짝이 맞는지, 질문이 묻는 대상이 정답 선지와 일치하는지
esc.cause_vs_association.repr_shift	hard	self_selected_association	A data analyst is summarizing results. In a study of 113 patients, researchers compared the back pain score of those who used a new stretching routine with those who did not. Those who wanted a new stretching routine were placed in that group, and the remaining participants served as the comparison group. The group that used a new stretching routine had a better average back pain score.	Which of the following is the best-justified conclusion about a new stretching routine?	A) A cause-and-effect relationship can be concluded because the difference between the groups was large. | B) Only an association can be concluded because participants were not randomly assigned to the groups. | C) A cause-and-effect relationship can be concluded because the groups were large. | D) No relationship of any kind can be concluded from a single study.	2	patients=113. 점검: 지문의 명사와 수식·값이 짝이 맞는지, 질문이 묻는 대상이 정답 선지와 일치하는지
esc.cause_vs_association.constraint_select	hard	confounder_from_passage	Consider the following data. In a survey of 500 runners, users of a new warm-up routine reported a better average race time than non-users. No one was told what to do; each person chose for themselves. Those who chose a new warm-up routine also tended to train more miles each week.	Why can this study not show that a new warm-up routine caused the better race time?	A) The researchers measured race time only once, which makes any comparison impossible. | B) The sample was too small to detect any difference between the groups. | C) Participants who chose a new warm-up routine also tended to be younger, so that difference could account for the result. | D) Participants who chose a new warm-up routine also tended to train more miles each week, so that difference could account for the result.	4	runners=500. 점검: 지문의 명사와 수식·값이 짝이 맞는지, 질문이 묻는 대상이 정답 선지와 일치하는지
esc.cause_vs_association.constraint_select	hard	confounder_from_passage	Consider the following data. Researchers compared the daily walking time of 357 residents who used a free walking-club membership with those who did not, and the users had a better average daily walking time. Each person chose whether to use a free walking-club membership. Those who chose a free walking-club membership also tended to live closer to parks.	Why can this study not show that a free walking-club membership caused the better daily walking time?	A) The sample was too small to detect any difference between the groups. | B) Participants who chose a free walking-club membership also tended to live closer to parks, so that difference could account for the result. | C) Participants who chose a free walking-club membership also tended to be younger, so that difference could account for the result. | D) The researchers measured daily walking time only once, which makes any comparison impossible.	2	residents=357. 점검: 지문의 명사와 수식·값이 짝이 맞는지, 질문이 묻는 대상이 정답 선지와 일치하는지
esc.cause_vs_association.compare_scenarios	hard	experiment_vs_observational	A teacher poses a statistics problem. Two studies examined a standing desk and reported energy level. Study A surveyed 838 employees who decided on their own whether to use a standing desk; the users had a better average reported energy level. In Study B, 91 employees were randomly assigned, by a coin flip, to use a standing desk or not, and the users had a better average reported energy level.	Which study provides stronger evidence that a standing desk caused the better reported energy level?	A) Study B, because its participants were randomly assigned. | B) Study A, because it included more participants. | C) Both studies equally, because the users had a better average in both. | D) Neither study, because a cause-and-effect claim can never be supported.	1	Study B=91. 점검: 지문의 명사와 수식·값이 짝이 맞는지, 질문이 묻는 대상이 정답 선지와 일치하는지
esc.cause_vs_association.compare_scenarios	hard	experiment_vs_observational	A student is analyzing some data. Two studies examined an online safety video and number of tickets. In Study A, 111 drivers were randomly assigned, by a coin flip, to use an online safety video or not, and the users had a better average number of tickets. Study B surveyed 307 drivers who decided on their own whether to use an online safety video; the users had a better average number of tickets.	Which study better supports a cause-and-effect claim about an online safety video?	A) Neither study, because a cause-and-effect claim can never be supported. | B) Both studies equally, because the users had a better average in both. | C) Study B, because it included more participants. | D) Study A, because its participants were randomly assigned.	4	Study A=111. 점검: 지문의 명사와 수식·값이 짝이 맞는지, 질문이 묻는 대상이 정답 선지와 일치하는지
esc.conclusion_scope.repr_shift	hard	random_sample_random_assignment_frame	A teacher poses a statistics problem. A team obtained a list of residents living in one apartment complex, selected 310 residents at random from the list, and then randomly assigned each one either to use a free walking-club membership or to skip it; the users ended up with a better average daily walking time.	Which conclusion is best supported by the design of the study?	A) A cause-and-effect relationship can be concluded only for the 310 residents in the study. | B) A cause-and-effect relationship can be concluded for all residents of a city. | C) A cause-and-effect relationship can be concluded for all residents living in one apartment complex, but not necessarily for all residents of a city. | D) Only an association can be concluded for all residents living in one apartment complex.	3	residents=310. 점검: 지문의 명사와 수식·값이 짝이 맞는지, 질문이 묻는 대상이 정답 선지와 일치하는지
esc.conclusion_scope.repr_shift	hard	random_sample_random_assignment_frame	A student is analyzing some data. A team obtained a list of teachers at one middle school, selected 86 teachers at random from the list, and then randomly assigned each one either to use a lesson-planning tool or to skip it; the users ended up with a better average weekly planning time.	Based on the design, which of the following is an appropriate conclusion?	A) A cause-and-effect relationship can be concluded for all teachers at one middle school, but not necessarily for all teachers in a school district. | B) A cause-and-effect relationship can be concluded only for the 86 teachers in the study. | C) A cause-and-effect relationship can be concluded for all teachers in a school district. | D) Only an association can be concluded for all teachers at one middle school.	1	teachers=86. 점검: 지문의 명사와 수식·값이 짝이 맞는지, 질문이 묻는 대상이 정답 선지와 일치하는지
esc.conclusion_scope.constraint_select	hard	random_sample_self_selected_frame	A teacher poses a statistics problem. Researchers obtained a list of residents living in one apartment complex, selected 245 residents at random from the list, and asked each whether they used a free walking-club membership. Each person had chosen for themselves whether to use it, and the users had a better average daily walking time.	Based on the design, which of the following is an appropriate conclusion?	A) Only an association can be concluded, and it applies to all residents of a city. | B) Only an association can be concluded, and it applies to all residents living in one apartment complex but not necessarily to all residents of a city. | C) Only an association can be concluded, and it applies only to the 245 residents in the study. | D) A cause-and-effect relationship can be concluded for all residents living in one apartment complex.	2	residents=245. 점검: 지문의 명사와 수식·값이 짝이 맞는지, 질문이 묻는 대상이 정답 선지와 일치하는지
esc.conclusion_scope.constraint_select	hard	random_sample_self_selected_frame	A team obtained a list of members of one gym location, selected 165 gym members at random from the list, and recorded who used a new workout plan. People had chosen for themselves whether to use it; the users reported a better average resting heart rate.	Which conclusion is best supported by the design of the study?	A) Only an association can be concluded, and it applies only to the 165 gym members in the study. | B) Only an association can be concluded, and it applies to all members of a national gym chain. | C) Only an association can be concluded, and it applies to all members of one gym location but not necessarily to all members of a national gym chain. | D) A cause-and-effect relationship can be concluded for all members of one gym location.	3	gym members=165. 점검: 지문의 명사와 수식·값이 짝이 맞는지, 질문이 묻는 대상이 정답 선지와 일치하는지
esc.conclusion_scope.compare_scenarios	hard	sampling_only_vs_assignment_only	Read the information below. Two studies examined a new warm-up routine and race time. Study A recruited 146 volunteer runners and randomly assigned them to use a new warm-up routine or not, and users had a better average race time. In Study B, 674 runners were randomly selected from all runners in a regional league, and each chose for themselves whether to use a new warm-up routine; the users had a better average race time.	Which of the following correctly describes the conclusions that the two studies can support?	A) Study B supports a generalization to all runners in a regional league, and Study A supports a cause-and-effect conclusion for its volunteers. | B) Study A supports a generalization to all runners in a regional league. | C) Study B supports a cause-and-effect conclusion for all runners in a regional league. | D) Both studies support cause-and-effect conclusions for all runners in a regional league.	1	Study B=674. 점검: 지문의 명사와 수식·값이 짝이 맞는지, 질문이 묻는 대상이 정답 선지와 일치하는지
esc.conclusion_scope.compare_scenarios	hard	sampling_only_vs_assignment_only	A teacher poses a statistics problem. Two studies examined a new workout plan and resting heart rate. Study A recruited 149 volunteer gym members and randomly assigned them to use a new workout plan or not, and users had a better average resting heart rate. Study B randomly selected 337 gym members out of all members of a national gym chain; people chose for themselves whether to use a new workout plan, and users had a better average resting heart rate.	Which statement best matches what each study can support?	A) Study A supports a generalization to all members of a national gym chain. | B) Study B supports a generalization to all members of a national gym chain, and Study A supports a cause-and-effect conclusion for its volunteers. | C) Both studies support cause-and-effect conclusions for all members of a national gym chain. | D) Study B supports a cause-and-effect conclusion for all members of a national gym chain.	2	Study B=337. 점검: 지문의 명사와 수식·값이 짝이 맞는지, 질문이 묻는 대상이 정답 선지와 일치하는지
esc.generalizability.easy_method	easy	random_yes	Consider the following data. A study asked about teachers' hours of weekly planning among all teachers in a school district. A random sample of 211 teachers was drawn from all teachers in a school district.	Which statement is correct about generalizing the result to all teachers in a school district?	A) Yes, because every study can be generalized. | B) Yes, because the sample was selected at random. | C) No, because a sample can never represent a population. | D) No, because the sample was selected at random.	2	teachers=211. 점검: 지문의 명사와 수식·값이 짝이 맞는지, 질문이 묻는 대상이 정답 선지와 일치하는지
esc.generalizability.easy_method	easy	random_yes	A teacher poses a statistics problem. A study asked about the number of hours students sleep among all students at Lincoln High School. The researchers chose 33 students at random from a complete list of all students at Lincoln High School.	Which statement is correct about generalizing the result to all students at Lincoln High School?	A) No, because a sample can never represent a population. | B) Yes, because every study can be generalized. | C) Yes, because the sample was selected at random. | D) No, because the sample was selected at random.	3	students=33. 점검: 지문의 명사와 수식·값이 짝이 맞는지, 질문이 묻는 대상이 정답 선지와 일치하는지
esc.cause_vs_association.easy_assignment	easy	random_assignment_yes	A teacher poses a statistics problem. A study of 287 teachers compared weekly planning time for those who used a lesson-planning tool and those who did not. Each participant was randomly assigned, using a coin flip, either to use a lesson-planning tool or not to use it. The users had a better average weekly planning time.	Can the researchers conclude that a lesson-planning tool caused the difference?	A) Yes, because the users had a better average. | B) No, because a study can never show cause. | C) No, because participants were randomly assigned. | D) Yes, because participants were randomly assigned.	4	teachers=287. 점검: 지문의 명사와 수식·값이 짝이 맞는지, 질문이 묻는 대상이 정답 선지와 일치하는지
esc.cause_vs_association.easy_assignment	easy	self_chosen_no	Read the information below. A study of 131 runners compared race time for those who used a new warm-up routine and those who did not. Each participant chose whether to use a new warm-up routine. The users had a better average race time.	Can the researchers conclude that a new warm-up routine caused the difference?	A) No, because a study can never show cause. | B) Yes, because the users had a better average. | C) No, because participants were not randomly assigned. | D) Yes, because participants were not randomly assigned.	3	runners=131. 점검: 지문의 명사와 수식·값이 짝이 맞는지, 질문이 묻는 대상이 정답 선지와 일치하는지
esc.conclusion_scope.med_four_combo	medium	ra_nrs	A data analyst is summarizing results. A study examined a new study technique and test scores. The 306 participants were volunteers who answered a flyer. Names were drawn from a hat to decide which participants would use a new study technique; the rest did not. The group that used a new study technique had a better average test scores.	Based on the design of the study, which conclusion is appropriate?	A) Only an association can be concluded, and it holds only for the participants in the study. | B) A cause-and-effect relationship can be concluded, and it holds only for the participants in the study. | C) Only an association can be concluded, and it can be generalized to all students at Lincoln High School. | D) A cause-and-effect relationship can be concluded, and it can be generalized to all students at Lincoln High School.	2	participants|students=306. 점검: 지문의 명사와 수식·값이 짝이 맞는지, 질문이 묻는 대상이 정답 선지와 일치하는지
esc.conclusion_scope.med_four_combo	medium	nra_nrs	A study examined a lesson-planning tool and weekly planning time. The 99 participants were volunteers who answered a flyer. Each participant chose whether to use a lesson-planning tool. The group that used a lesson-planning tool had a better average weekly planning time.	Which of the following is an appropriate conclusion from the design of this study?	A) A cause-and-effect relationship can be concluded, and it can be generalized to all teachers in a school district. | B) A cause-and-effect relationship can be concluded, and it holds only for the participants in the study. | C) Only an association can be concluded, and it holds only for the participants in the study. | D) Only an association can be concluded, and it can be generalized to all teachers in a school district.	3	participants|teachers=99. 점검: 지문의 명사와 수식·값이 짝이 맞는지, 질문이 묻는 대상이 정답 선지와 일치하는지
esc.cause_vs_association.med_design_fix	medium	fix_for_cause	Consider the following data. Among 217 runners, users of a new warm-up routine reported a better average race time, and each person had chosen for themselves whether to use a new warm-up routine. The researchers want to make a causal claim.	To support a cause-and-effect claim about a new warm-up routine, what should the researchers change?	A) Survey more runners who chose to use a new warm-up routine. | B) Ask the participants to estimate their race time more carefully. | C) Randomly assign participants to use a new warm-up routine or not. | D) Select the participants at random from all runners in a regional league.	3	runners=217. 점검: 지문의 명사와 수식·값이 짝이 맞는지, 질문이 묻는 대상이 정답 선지와 일치하는지
esc.cause_vs_association.med_design_fix	medium	fix_for_cause	Among 261 residents, users of a free walking-club membership reported a better average daily walking time, and each person had chosen for themselves whether to use a free walking-club membership. The researchers want to make a causal claim.	To support a cause-and-effect claim about a free walking-club membership, what should the researchers change?	A) Survey more residents who chose to use a free walking-club membership. | B) Select the participants at random from all residents of a city. | C) Randomly assign participants to use a free walking-club membership or not. | D) Ask the participants to estimate their daily walking time more carefully.	3	residents=261. 점검: 지문의 명사와 수식·값이 짝이 맞는지, 질문이 묻는 대상이 정답 선지와 일치하는지
esc.generalizability.med_design_fix	medium	fix_for_generalization	A team collected answers about the number of traffic tickets per driver from 337 drivers who chose to respond to an invitation. They would like to generalize to all licensed drivers in a state.	To generalize to all licensed drivers in a state, what should the researcher change?	A) Select the participants at random from all licensed drivers in a state. | B) Ask the volunteers more questions about the number of traffic tickets per driver. | C) Randomly assign the volunteers to two groups. | D) Survey more volunteers who respond to the flyer.	1	drivers=337. 점검: 지문의 명사와 수식·값이 짝이 맞는지, 질문이 묻는 대상이 정답 선지와 일치하는지
esc.generalizability.med_design_fix	medium	fix_for_generalization	A student is analyzing some data. A researcher surveyed 104 students who volunteered after seeing a flyer about the number of hours students sleep. She wants to draw a conclusion about all students at Lincoln High School.	Which change would best allow the researcher to generalize the result to all students at Lincoln High School?	A) Select the participants at random from all students at Lincoln High School. | B) Survey more volunteers who respond to the flyer. | C) Ask the volunteers more questions about the number of hours students sleep. | D) Randomly assign the volunteers to two groups.	1	students=104. 점검: 지문의 명사와 수식·값이 짝이 맞는지, 질문이 묻는 대상이 정답 선지와 일치하는지
